0.0,-1000,100.0
0.01,-1000,94.05
0.02,-1000,88.2
0.03,-1000,82.45
0.04,-1000,76.8
0.05,-1000,71.25
0.06,-1000,65.8
0.07,-1000,60.449999999999996
0.08,-1000,55.2
0.09,-1000,50.05
0.1,-1000,45.0
0.11,-1000,40.05
0.12,-1000,35.2
0.13,-1000,30.450000000000003
0.14,-1000,25.799999999999983
0.15,-1000,21.25
0.16,-1000,16.799999999999997
0.17,-1000,12.449999999999989
0.18,-1000,8.200000000000003
0.19,-1000,4.049999999999997
0.2,-1000,0.0
0.21,-1000,-3.950000000000003
0.22,-1000,-7.799999999999997
0.23,-1000,-11.549999999999997
0.24,-1000,-15.200000000000003
0.25,-1000,-18.75
0.26,-1000,-22.19999999999999
0.27,-1000,-25.549999999999997
0.28,-1000,-28.80000000000001
0.29,-1000,-31.94999999999999
0.3,-1000,-35.0
0.31,-1000,-37.94999999999999
0.32,-1000,-40.80000000000001
0.33,-1000,-43.55000000000001
0.34,-1000,-46.20000000000002
0.35000000000000003,-1000,-48.75
0.36,-1000,-51.19999999999999
0.37,-1000,-53.55000000000001
0.38,-1000,-55.80000000000001
0.39,-1000,-57.94999999999999
0.4,-1000,-60.0
0.41000000000000003,-1000,-61.95000000000002
0.42,-1000,-63.80000000000001
0.43,-1000,-65.55000000000001
0.44,-1000,-67.19999999999999
0.45,-1000,-68.75
0.46,-1000,-70.19999999999999
0.47000000000000003,-1000,-71.54999999999998
0.48,-1000,-72.80000000000001
0.49,-1000,-73.95000000000002
0.5,-1000,-75.0
0.51,-1000,-75.94999999999999
0.52,-1000,-76.79999999999998
0.53,-1000,-77.54999999999998
0.54,-1000,-78.19999999999999
0.55,-1000,-78.74999999999997
0.56,-1000,-79.20000000000005
0.5700000000000001,-1000,-79.55000000000001
0.58,-1000,-79.80000000000001
0.59,-1000,-79.95000000000002
0.6,-1000,-80.0
0.61,-1000,-79.95000000000002
0.62,-1000,-79.79999999999998
0.63,-1000,-79.54999999999998
0.64,-1000,-79.19999999999999
0.65,-1000,-78.74999999999997
0.66,-1000,-78.19999999999999
0.67,-1000,-77.54999999999995
0.68,-1000,-76.80000000000001
0.6900000000000001,-1000,-75.95000000000002
0.7000000000000001,-1000,-75.0
0.71,-1000,-73.95000000000002
0.72,-1000,-72.80000000000001
0.73,-1000,-71.55000000000001
0.74,-1000,-70.19999999999999
0.75,-1000,-68.75
0.76,-1000,-67.19999999999999
0.77,-1000,-65.55000000000001
0.78,-1000,-63.799999999999955
0.79,-1000,-61.94999999999993
0.8,-1000,-59.99999999999994
0.81,-1000,-57.94999999999999
0.8200000000000001,-1000,-55.80000000000001
0.8300000000000001,-1000,-53.55000000000001
0.84,-1000,-51.200000000000045
0.85,-1000,-48.75000000000006
0.86,-1000,-46.200000000000045
0.87,-1000,-43.55000000000001
0.88,-1000,-40.80000000000001
0.89,-1000,-37.94999999999999
0.9,-1000,-35.0
0.91,-1000,-31.94999999999999
0.92,-1000,-28.799999999999955
0.93,-1000,-25.549999999999955
0.9400000000000001,-1000,-22.199999999999932
0.9500000000000001,-1000,-18.749999999999943
0.96,-1000,-15.199999999999989
0.97,-1000,-11.550000000000011
0.98,-1000,-7.800000000000068
0.99,-1000,-3.9499999999999886
0.0,-950,100.0
0.01,-950,94.2975
0.02,-950,88.69
0.03,-950,83.1775
0.04,-950,77.76
0.05,-950,72.4375
0.06,-950,67.21000000000001
0.07,-950,62.07749999999999
0.08,-950,57.04
0.09,-950,52.0975
0.1,-950,47.25
0.11,-950,42.4975
0.12,-950,37.84
0.13,-950,33.2775
0.14,-950,28.809999999999988
0.15,-950,24.4375
0.16,-950,20.159999999999997
0.17,-950,15.977500000000006
0.18,-950,11.89
0.19,-950,7.897500000000008
0.2,-950,4.0
0.21,-950,0.1974999999999909
0.22,-950,-3.510000000000005
0.23,-950,-7.122500000000002
0.24,-950,-10.64
0.25,-950,-14.0625
0.26,-950,-17.389999999999986
0.27,-950,-20.622500000000002
0.28,-950,-23.76000000000002
0.29,-950,-26.80250000000001
0.3,-950,-29.75
0.31,-950,-32.60249999999999
0.32,-950,-35.360000000000014
0.33,-950,-38.02249999999998
0.34,-950,-40.589999999999975
0.35000000000000003,-950,-43.0625
0.36,-950,-45.44
0.37,-950,-47.7225
0.38,-950,-49.91
0.39,-950,-52.0025
0.4,-950,-54.0
0.41000000000000003,-950,-55.90250000000003
0.42,-950,-57.71000000000001
0.43,-950,-59.422500000000014
0.44,-950,-61.04000000000002
0.45,-950,-62.5625
0.46,-950,-63.99000000000001
0.47000000000000003,-950,-65.32249999999999
0.48,-950,-66.56
0.49,-950,-67.70250000000001
0.5,-950,-68.75
0.51,-950,-69.70249999999999
0.52,-950,-70.55999999999997
0.53,-950,-71.32249999999999
0.54,-950,-71.98999999999998
0.55,-950,-72.56249999999997
0.56,-950,-73.04000000000005
0.5700000000000001,-950,-73.42250000000001
0.58,-950,-73.71000000000001
0.59,-950,-73.9025
0.6,-950,-74.0
0.61,-950,-74.0025
0.62,-950,-73.91
0.63,-950,-73.7225
0.64,-950,-73.44
0.65,-950,-73.06249999999997
0.66,-950,-72.58999999999997
0.67,-950,-72.02249999999995
0.68,-950,-71.35999999999996
0.6900000000000001,-950,-70.60250000000002
0.7000000000000001,-950,-69.75
0.71,-950,-68.80250000000001
0.72,-950,-67.76000000000002
0.73,-950,-66.62250000000003
0.74,-950,-65.38999999999999
0.75,-950,-64.0625
0.76,-950,-62.639999999999986
0.77,-950,-61.1225
0.78,-950,-59.50999999999999
0.79,-950,-57.80249999999995
0.8,-950,-55.99999999999994
0.81,-950,-54.10250000000002
0.8200000000000001,-950,-52.110000000000014
0.8300000000000001,-950,-50.022500000000036
0.84,-950,-47.84000000000003
0.85,-950,-45.56250000000006
0.86,-950,-43.190000000000055
0.87,-950,-40.72249999999997
0.88,-950,-38.160000000000025
0.89,-950,-35.5025
0.9,-950,-32.75
0.91,-950,-29.902499999999975
0.92,-950,-26.95999999999998
0.93,-950,-23.922499999999957
0.9400000000000001,-950,-20.789999999999907
0.9500000000000001,-950,-17.562499999999943
0.96,-950,-14.240000000000009
0.97,-950,-10.822500000000048
0.98,-950,-7.310000000000059
0.99,-950,-3.7024999999999864
0.0,-900,100.0
0.01,-900,94.545
0.02,-900,89.18
0.03,-900,83.905
0.04,-900,78.72
0.05,-900,73.625
0.06,-900,68.62
0.07,-900,63.70499999999999
0.08,-900,58.88
0.09,-900,54.145
0.1,-900,49.5
0.11,-900,44.945
0.12,-900,40.48
0.13,-900,36.105000000000004
0.14,-900,31.819999999999993
0.15,-900,27.625
0.16,-900,23.519999999999996
0.17,-900,19.504999999999995
0.18,-900,15.579999999999998
0.19,-900,11.745000000000005
0.2,-900,8.0
0.21,-900,4.344999999999999
0.22,-900,0.7800000000000011
0.23,-900,-2.694999999999993
0.24,-900,-6.079999999999998
0.25,-900,-9.375
0.26,-900,-12.579999999999998
0.27,-900,-15.694999999999993
0.28,-900,-18.720000000000027
0.29,-900,-21.655
0.3,-900,-24.5
0.31,-900,-27.254999999999995
0.32,-900,-29.919999999999987
0.33,-900,-32.495000000000005
0.34,-900,-34.97999999999999
0.35000000000000003,-900,-37.375
0.36,-900,-39.68000000000001
0.37,-900,-41.89500000000001
0.38,-900,-44.01999999999998
0.39,-900,-46.05500000000001
0.4,-900,-48.0
0.41000000000000003,-900,-49.85500000000002
0.42,-900,-51.620000000000005
0.43,-900,-53.295000000000016
0.44,-900,-54.879999999999995
0.45,-900,-56.375
0.46,-900,-57.78
0.47000000000000003,-900,-59.09499999999997
0.48,-900,-60.31999999999999
0.49,-900,-61.45500000000001
0.5,-900,-62.5
0.51,-900,-63.454999999999984
0.52,-900,-64.32
0.53,-900,-65.09499999999997
0.54,-900,-65.78
0.55,-900,-66.37499999999997
0.56,-900,-66.88000000000002
0.5700000000000001,-900,-67.29500000000002
0.58,-900,-67.62
0.59,-900,-67.85500000000002
0.6,-900,-68.0
0.61,-900,-68.055
0.62,-900,-68.01999999999998
0.63,-900,-67.89499999999998
0.64,-900,-67.67999999999998
0.65,-900,-67.37499999999997
0.66,-900,-66.97999999999999
0.67,-900,-66.49499999999998
0.68,-900,-65.91999999999996
0.6900000000000001,-900,-65.25500000000002
0.7000000000000001,-900,-64.5
0.71,-900,-63.655
0.72,-900,-62.72
0.73,-900,-61.69500000000002
0.74,-900,-60.58000000000001
0.75,-900,-59.375
0.76,-900,-58.079999999999984
0.77,-900,-56.69499999999999
0.78,-900,-55.21999999999997
0.79,-900,-53.65499999999997
0.8,-900,-51.99999999999994
0.81,-900,-50.254999999999995
0.8200000000000001,-900,-48.420000000000016
0.8300000000000001,-900,-46.495000000000005
0.84,-900,-44.480000000000075
0.85,-900,-42.37500000000006
0.86,-900,-40.18000000000001
0.87,-900,-37.89499999999998
0.88,-900,-35.51999999999998
0.89,-900,-33.05500000000001
0.9,-900,-30.5
0.91,-900,-27.85499999999996
0.92,-900,-25.120000000000005
0.93,-900,-22.29499999999996
0.9400000000000001,-900,-19.37999999999994
0.9500000000000001,-900,-16.374999999999943
0.96,-900,-13.28000000000003
0.97,-900,-10.095000000000027
0.98,-900,-6.82000000000005
0.99,-900,-3.455000000000041
0.0,-850,100.0
0.01,-850,94.7925
0.02,-850,89.67
0.03,-850,84.6325
0.04,-850,79.68
0.05,-850,74.8125
0.06,-850,70.03
0.07,-850,65.33250000000001
0.08,-850,60.72
0.09,-850,56.1925
0.1,-850,51.75
0.11,-850,47.3925
0.12,-850,43.12
0.13,-850,38.932500000000005
0.14,-850,34.83
0.15,-850,30.8125
0.16,-850,26.879999999999995
0.17,-850,23.0325
0.18,-850,19.269999999999996
0.19,-850,15.592500000000001
0.2,-850,12.0
0.21,-850,8.492499999999993
0.22,-850,5.069999999999993
0.23,-850,1.7325000000000017
0.24,-850,-1.519999999999996
0.25,-850,-4.6875
0.26,-850,-7.769999999999996
0.27,-850,-10.767499999999998
0.28,-850,-13.679999999999993
0.29,-850,-16.507499999999993
0.3,-850,-19.25
0.31,-850,-21.9075
0.32,-850,-24.47999999999999
0.33,-850,-26.9675
0.34,-850,-29.370000000000005
0.35000000000000003,-850,-31.6875
0.36,-850,-33.920000000000016
0.37,-850,-36.067499999999995
0.38,-850,-38.129999999999995
0.39,-850,-40.10749999999999
0.4,-850,-42.0
0.41000000000000003,-850,-43.807500000000005
0.42,-850,-45.53000000000003
0.43,-850,-47.16750000000002
0.44,-850,-48.72
0.45,-850,-50.1875
0.46,-850,-51.56999999999999
0.47000000000000003,-850,-52.86750000000001
0.48,-850,-54.079999999999984
0.49,-850,-55.20750000000001
0.5,-850,-56.25
0.51,-850,-57.20749999999998
0.52,-850,-58.079999999999984
0.53,-850,-58.86749999999998
0.54,-850,-59.56999999999999
0.55,-850,-60.18749999999997
0.56,-850,-60.71999999999997
0.5700000000000001,-850,-61.16750000000002
0.58,-850,-61.53
0.59,-850,-61.807500000000005
0.6,-850,-62.0
0.61,-850,-62.107500000000016
0.62,-850,-62.129999999999995
0.63,-850,-62.067499999999995
0.64,-850,-61.91999999999999
0.65,-850,-61.68749999999997
0.66,-850,-61.369999999999976
0.67,-850,-60.96749999999997
0.68,-850,-60.47999999999996
0.6900000000000001,-850,-59.90750000000003
0.7000000000000001,-850,-59.25
0.71,-850,-58.50749999999999
0.72,-850,-57.68000000000001
0.73,-850,-56.76750000000004
0.74,-850,-55.77000000000001
0.75,-850,-54.6875
0.76,-850,-53.52000000000001
0.77,-850,-52.26750000000001
0.78,-850,-50.92999999999995
0.79,-850,-49.507499999999936
0.8,-850,-47.99999999999994
0.81,-850,-46.40749999999997
0.8200000000000001,-850,-44.73000000000002
0.8300000000000001,-850,-42.96750000000003
0.84,-850,-41.12000000000006
0.85,-850,-39.18750000000006
0.86,-850,-37.170000000000016
0.87,-850,-35.067499999999995
0.88,-850,-32.879999999999995
0.89,-850,-30.607500000000016
0.9,-850,-28.25
0.91,-850,-25.807499999999948
0.92,-850,-23.279999999999973
0.93,-850,-20.66749999999996
0.9400000000000001,-850,-17.96999999999997
0.9500000000000001,-850,-15.1875
0.96,-850,-12.319999999999993
0.97,-850,-9.367500000000007
0.98,-850,-6.330000000000041
0.99,-850,-3.2075000000000387
0.0,-800,100.0
0.01,-800,95.04
0.02,-800,90.16
0.03,-800,85.36
0.04,-800,80.64
0.05,-800,76.0
0.06,-800,71.44
0.07,-800,66.96000000000001
0.08,-800,62.56
0.09,-800,58.24
0.1,-800,54.0
0.11,-800,49.84
0.12,-800,45.76
0.13,-800,41.76
0.14,-800,37.84
0.15,-800,34.0
0.16,-800,30.239999999999995
0.17,-800,26.560000000000002
0.18,-800,22.959999999999994
0.19,-800,19.439999999999998
0.2,-800,16.0
0.21,-800,12.64
0.22,-800,9.36
0.23,-800,6.159999999999997
0.24,-800,3.039999999999992
0.25,-800,0.0
0.26,-800,-2.9599999999999937
0.27,-800,-5.840000000000003
0.28,-800,-8.64
0.29,-800,-11.36
0.3,-800,-14.0
0.31,-800,-16.560000000000002
0.32,-800,-19.039999999999992
0.33,-800,-21.439999999999998
0.34,-800,-23.75999999999999
0.35000000000000003,-800,-26.00000000000003
0.36,-800,-28.159999999999997
0.37,-800,-30.24000000000001
0.38,-800,-32.24000000000001
0.39,-800,-34.16
0.4,-800,-36.0
0.41000000000000003,-800,-37.76000000000002
0.42,-800,-39.44
0.43,-800,-41.04000000000002
0.44,-800,-42.56
0.45,-800,-44.0
0.46,-800,-45.360000000000014
0.47000000000000003,-800,-46.640000000000015
0.48,-800,-47.84
0.49,-800,-48.96000000000001
0.5,-800,-50.0
0.51,-800,-50.96000000000001
0.52,-800,-51.839999999999975
0.53,-800,-52.639999999999986
0.54,-800,-53.359999999999985
0.55,-800,-54.0
0.56,-800,-54.56
0.5700000000000001,-800,-55.04000000000002
0.58,-800,-55.44
0.59,-800,-55.76000000000002
0.6,-800,-56.0
0.61,-800,-56.16
0.62,-800,-56.23999999999998
0.63,-800,-56.23999999999998
0.64,-800,-56.16
0.65,-800,-55.99999999999997
0.66,-800,-55.75999999999999
0.67,-800,-55.43999999999997
0.68,-800,-55.039999999999964
0.6900000000000001,-800,-54.56000000000003
0.7000000000000001,-800,-54.00000000000003
0.71,-800,-53.360000000000014
0.72,-800,-52.640000000000015
0.73,-800,-51.84000000000003
0.74,-800,-50.96000000000001
0.75,-800,-50.0
0.76,-800,-48.96000000000001
0.77,-800,-47.84
0.78,-800,-46.639999999999986
0.79,-800,-45.35999999999996
0.8,-800,-43.99999999999994
0.81,-800,-42.559999999999945
0.8200000000000001,-800,-41.04000000000002
0.8300000000000001,-800,-39.440000000000055
0.84,-800,-37.76000000000005
0.85,-800,-36.00000000000006
0.86,-800,-34.160000000000025
0.87,-800,-32.24000000000001
0.88,-800,-30.24000000000001
0.89,-800,-28.159999999999968
0.9,-800,-26.0
0.91,-800,-23.75999999999999
0.92,-800,-21.439999999999998
0.93,-800,-19.039999999999964
0.9400000000000001,-800,-16.560000000000002
0.9500000000000001,-800,-14.0
0.96,-800,-11.360000000000014
0.97,-800,-8.640000000000043
0.98,-800,-5.840000000000032
0.99,-800,-2.9600000000000364
0.0,-750,100.0
0.01,-750,95.2875
0.02,-750,90.65
0.03,-750,86.0875
0.04,-750,81.6
0.05,-750,77.1875
0.06,-750,72.85
0.07,-750,68.5875
0.08,-750,64.4
0.09,-750,60.2875
0.1,-750,56.25
0.11,-750,52.2875
0.12,-750,48.4
0.13,-750,44.5875
0.14,-750,40.85
0.15,-750,37.1875
0.16,-750,33.599999999999994
0.17,-750,30.087500000000006
0.18,-750,26.650000000000006
0.19,-750,23.287499999999994
0.2,-750,20.0
0.21,-750,16.787499999999994
0.22,-750,13.650000000000006
0.23,-750,10.587500000000006
0.24,-750,7.599999999999994
0.25,-750,4.6875
0.26,-750,1.8499999999999943
0.27,-750,-0.9124999999999943
0.28,-750,-3.5999999999999943
0.29,-750,-6.212500000000006
0.3,-750,-8.75
0.31,-750,-11.212500000000006
0.32,-750,-13.599999999999994
0.33,-750,-15.912499999999994
0.34,-750,-18.14999999999999
0.35000000000000003,-750,-20.31250000000003
0.36,-750,-22.400000000000006
0.37,-750,-24.412499999999994
0.38,-750,-26.349999999999994
0.39,-750,-28.212500000000006
0.4,-750,-30.0
0.41000000000000003,-750,-31.712500000000034
0.42,-750,-33.35000000000002
0.43,-750,-34.91250000000002
0.44,-750,-36.400000000000006
0.45,-750,-37.8125
0.46,-750,-39.14999999999998
0.47000000000000003,-750,-40.412499999999966
0.48,-750,-41.60000000000002
0.49,-750,-42.712500000000006
0.5,-750,-43.75
0.51,-750,-44.712500000000006
0.52,-750,-45.599999999999994
0.53,-750,-46.412499999999966
0.54,-750,-47.14999999999998
0.55,-750,-47.8125
0.56,-750,-48.39999999999998
0.5700000000000001,-750,-48.91250000000002
0.58,-750,-49.35000000000002
0.59,-750,-49.712500000000006
0.6,-750,-50.0
0.61,-750,-50.212500000000006
0.62,-750,-50.349999999999994
0.63,-750,-50.412499999999994
0.64,-750,-50.400000000000006
0.65,-750,-50.31249999999997
0.66,-750,-50.14999999999998
0.67,-750,-49.912499999999966
0.68,-750,-49.599999999999966
0.6900000000000001,-750,-49.21249999999998
0.7000000000000001,-750,-48.75000000000003
0.71,-750,-48.212500000000006
0.72,-750,-47.60000000000002
0.73,-750,-46.91250000000002
0.74,-750,-46.150000000000006
0.75,-750,-45.3125
0.76,-750,-44.400000000000006
0.77,-750,-43.412499999999994
0.78,-750,-42.349999999999994
0.79,-750,-41.21249999999995
0.8,-750,-39.99999999999994
0.81,-750,-38.71249999999995
0.8200000000000001,-750,-37.35000000000002
0.8300000000000001,-750,-35.91250000000002
0.84,-750,-34.400000000000034
0.85,-750,-32.81250000000006
0.86,-750,-31.150000000000034
0.87,-750,-29.412499999999966
0.88,-750,-27.600000000000023
0.89,-750,-25.712499999999977
0.9,-750,-23.75
0.91,-750,-21.712499999999977
0.92,-750,-19.599999999999966
0.93,-750,-17.412499999999966
0.9400000000000001,-750,-15.14999999999992
0.9500000000000001,-750,-12.8125
0.96,-750,-10.400000000000034
0.97,-750,-7.912500000000023
0.98,-750,-5.350000000000023
0.99,-750,-2.712500000000034
0.0,-700,100.0
0.01,-700,95.535
0.02,-700,91.14
0.03,-700,86.815
0.04,-700,82.56
0.05,-700,78.375
0.06,-700,74.26
0.07,-700,70.215
0.08,-700,66.24000000000001
0.09,-700,62.335
0.1,-700,58.5
0.11,-700,54.735
0.12,-700,51.04
0.13,-700,47.415
0.14,-700,43.85999999999999
0.15,-700,40.375
0.16,-700,36.96
0.17,-700,33.61500000000001
0.18,-700,30.340000000000003
0.19,-700,27.135000000000005
0.2,-700,24.0
0.21,-700,20.935000000000002
0.22,-700,17.939999999999998
0.23,-700,15.015
0.24,-700,12.159999999999997
0.25,-700,9.375
0.26,-700,6.659999999999997
0.27,-700,4.014999999999986
0.28,-700,1.4399999999999977
0.29,-700,-1.0649999999999977
0.3,-700,-3.5
0.31,-700,-5.864999999999995
0.32,-700,-8.159999999999997
0.33,-700,-10.384999999999991
0.34,-700,-12.539999999999992
0.35000000000000003,-700,-14.625000000000028
0.36,-700,-16.64
0.37,-700,-18.585000000000008
0.38,-700,-20.460000000000008
0.39,-700,-22.264999999999986
0.4,-700,-23.999999999999986
0.41000000000000003,-700,-25.664999999999992
0.42,-700,-27.26000000000002
0.43,-700,-28.785000000000025
0.44,-700,-30.24000000000001
0.45,-700,-31.625
0.46,-700,-32.94
0.47000000000000003,-700,-34.185
0.48,-700,-35.360000000000014
0.49,-700,-36.465
0.5,-700,-37.5
0.51,-700,-38.465
0.52,-700,-39.359999999999985
0.53,-700,-40.185
0.54,-700,-40.940000000000026
0.55,-700,-41.625
0.56,-700,-42.24000000000001
0.5700000000000001,-700,-42.78499999999997
0.58,-700,-43.25999999999999
0.59,-700,-43.66500000000002
0.6,-700,-44.0
0.61,-700,-44.265000000000015
0.62,-700,-44.45999999999998
0.63,-700,-44.58499999999998
0.64,-700,-44.639999999999986
0.65,-700,-44.62499999999997
0.66,-700,-44.53999999999999
0.67,-700,-44.38499999999996
0.68,-700,-44.15999999999997
0.6900000000000001,-700,-43.86499999999998
0.7000000000000001,-700,-43.50000000000003
0.71,-700,-43.065
0.72,-700,-42.56
0.73,-700,-41.985000000000014
0.74,-700,-41.34
0.75,-700,-40.625
0.76,-700,-39.84
0.77,-700,-38.985000000000014
0.78,-700,-38.059999999999974
0.79,-700,-37.06499999999997
0.8,-700,-35.99999999999994
0.81,-700,-34.86499999999995
0.8200000000000001,-700,-33.65999999999997
0.8300000000000001,-700,-32.38500000000002
0.84,-700,-31.04000000000005
0.85,-700,-29.62500000000003
0.86,-700,-28.140000000000043
0.87,-700,-26.58499999999998
0.88,-700,-24.960000000000036
0.89,-700,-23.264999999999986
0.9,-700,-21.5
0.91,-700,-19.664999999999964
0.92,-700,-17.75999999999999
0.93,-700,-15.784999999999968
0.9400000000000001,-700,-13.739999999999952
0.9500000000000001,-700,-11.625000000000057
0.96,-700,-9.439999999999998
0.97,-700,-7.185000000000002
0.98,-700,-4.860000000000014
0.99,-700,-2.465000000000032
0.0,-650,100.0
0.01,-650,95.7825
0.02,-650,91.63
0.03,-650,87.5425
0.04,-650,83.52
0.05,-650,79.5625
0.06,-650,75.67
0.07,-650,71.8425
0.08,-650,68.08
0.09,-650,64.3825
0.1,-650,60.75
0.11,-650,57.1825
0.12,-650,53.68
0.13,-650,50.2425
0.14,-650,46.86999999999999
0.15,-650,43.5625
0.16,-650,40.32
0.17,-650,37.1425
0.18,-650,34.03
0.19,-650,30.9825
0.2,-650,28.0
0.21,-650,25.082499999999996
0.22,-650,22.230000000000004
0.23,-650,19.442499999999995
0.24,-650,16.72
0.25,-650,14.0625
0.26,-650,11.469999999999999
0.27,-650,8.942499999999995
0.28,-650,6.47999999999999
0.29,-650,4.08250000000001
0.3,-650,1.75
0.31,-650,-0.5174999999999983
0.32,-650,-2.719999999999999
0.33,-650,-4.8574999999999875
0.34,-650,-6.929999999999993
0.35000000000000003,-650,-8.9375
0.36,-650,-10.879999999999995
0.37,-650,-12.757499999999993
0.38,-650,-14.569999999999993
0.39,-650,-16.317499999999995
0.4,-650,-18.0
0.41000000000000003,-650,-19.617499999999993
0.42,-650,-21.170000000000016
0.43,-650,-22.6575
0.44,-650,-24.08
0.45,-650,-25.4375
0.46,-650,-26.72999999999999
0.47000000000000003,-650,-27.957499999999982
0.48,-650,-29.120000000000005
0.49,-650,-30.2175
0.5,-650,-31.25
0.51,-650,-32.2175
0.52,-650,-33.120000000000005
0.53,-650,-33.95749999999998
0.54,-650,-34.73000000000002
0.55,-650,-35.4375
0.56,-650,-36.08000000000001
0.5700000000000001,-650,-36.6575
0.58,-650,-37.16999999999996
0.59,-650,-37.61750000000001
0.6,-650,-38.0
0.61,-650,-38.317499999999995
0.62,-650,-38.56999999999999
0.63,-650,-38.75749999999999
0.64,-650,-38.879999999999995
0.65,-650,-38.9375
0.66,-650,-38.92999999999998
0.67,-650,-38.85749999999999
0.68,-650,-38.71999999999997
0.6900000000000001,-650,-38.517499999999984
0.7000000000000001,-650,-38.24999999999997
0.71,-650,-37.91749999999999
0.72,-650,-37.52000000000001
0.73,-650,-37.05750000000003
0.74,-650,-36.53
0.75,-650,-35.9375
0.76,-650,-35.28
0.77,-650,-34.557500000000005
0.78,-650,-33.76999999999998
0.79,-650,-32.91749999999996
0.8,-650,-31.99999999999997
0.81,-650,-31.017499999999956
0.8200000000000001,-650,-29.96999999999997
0.8300000000000001,-650,-28.857500000000044
0.84,-650,-27.680000000000035
0.85,-650,-26.43750000000003
0.86,-650,-25.130000000000024
0.87,-650,-23.757499999999993
0.88,-650,-22.319999999999993
0.89,-650,-20.817499999999995
0.9,-650,-19.25
0.91,-650,-17.617500000000007
0.92,-650,-15.919999999999959
0.93,-650,-14.15749999999997
0.9400000000000001,-650,-12.329999999999927
0.9500000000000001,-650,-10.4375
0.96,-650,-8.480000000000018
0.97,-650,-6.457500000000039
0.98,-650,-4.3700000000000045
0.99,-650,-2.2175000000000296
0.0,-600,100.0
0.01,-600,96.03
0.02,-600,92.12
0.03,-600,88.27
0.04,-600,84.48
0.05,-600,80.75
0.06,-600,77.08
0.07,-600,73.47
0.08,-600,69.92
0.09,-600,66.43
0.1,-600,63.0
0.11,-600,59.63
0.12,-600,56.32
0.13,-600,53.07
0.14,-600,49.879999999999995
0.15,-600,46.75
0.16,-600,43.68
0.17,-600,40.67
0.18,-600,37.72
0.19,-600,34.83
0.2,-600,32.0
0.21,-600,29.230000000000004
0.22,-600,26.519999999999996
0.23,-600,23.870000000000005
0.24,-600,21.28
0.25,-600,18.75
0.26,-600,16.28
0.27,-600,13.870000000000005
0.28,-600,11.519999999999982
0.29,-600,9.230000000000018
0.3,-600,7.0
0.31,-600,4.829999999999998
0.32,-600,2.719999999999999
0.33,-600,0.6700000000000017
0.34,-600,-1.3199999999999932
0.35000000000000003,-600,-3.25
0.36,-600,-5.1200000000000045
0.37,-600,-6.930000000000007
0.38,-600,-8.680000000000007
0.39,-600,-10.370000000000005
0.4,-600,-12.0
0.41000000000000003,-600,-13.569999999999993
0.42,-600,-15.080000000000013
0.43,-600,-16.53
0.44,-600,-17.92
0.45,-600,-19.25
0.46,-600,-20.519999999999996
0.47000000000000003,-600,-21.72999999999999
0.48,-600,-22.879999999999995
0.49,-600,-23.97
0.5,-600,-25.0
0.51,-600,-25.97
0.52,-600,-26.879999999999995
0.53,-600,-27.72999999999999
0.54,-600,-28.519999999999982
0.55,-600,-29.25
0.56,-600,-29.920000000000016
0.5700000000000001,-600,-30.53
0.58,-600,-31.079999999999984
0.59,-600,-31.569999999999993
0.6,-600,-32.0
0.61,-600,-32.370000000000005
0.62,-600,-32.68000000000001
0.63,-600,-32.93000000000001
0.64,-600,-33.120000000000005
0.65,-600,-33.25
0.66,-600,-33.31999999999999
0.67,-600,-33.329999999999984
0.68,-600,-33.27999999999997
0.6900000000000001,-600,-33.16999999999999
0.7000000000000001,-600,-32.99999999999997
0.71,-600,-32.77000000000001
0.72,-600,-32.48000000000002
0.73,-600,-32.130000000000024
0.74,-600,-31.72
0.75,-600,-31.25
0.76,-600,-30.72
0.77,-600,-30.129999999999995
0.78,-600,-29.47999999999999
0.79,-600,-28.769999999999982
0.8,-600,-27.99999999999997
0.81,-600,-27.16999999999996
0.8200000000000001,-600,-26.279999999999973
0.8300000000000001,-600,-25.329999999999984
0.84,-600,-24.32000000000002
0.85,-600,-23.25000000000003
0.86,-600,-22.120000000000033
0.87,-600,-20.930000000000007
0.88,-600,-19.680000000000007
0.89,-600,-18.370000000000005
0.9,-600,-16.99999999999997
0.91,-600,-15.569999999999993
0.92,-600,-14.079999999999984
0.93,-600,-12.529999999999973
0.9400000000000001,-600,-10.919999999999959
0.9500000000000001,-600,-9.25
0.96,-600,-7.519999999999982
0.97,-600,-5.730000000000018
0.98,-600,-3.8799999999999955
0.99,-600,-1.9700000000000273
0.0,-550,100.0
0.01,-550,96.2775
0.02,-550,92.61
0.03,-550,88.9975
0.04,-550,85.44
0.05,-550,81.9375
0.06,-550,78.49
0.07,-550,75.0975
0.08,-550,71.76
0.09,-550,68.47749999999999
0.1,-550,65.25
0.11,-550,62.0775
0.12,-550,58.96
0.13,-550,55.8975
0.14,-550,52.88999999999999
0.15,-550,49.9375
0.16,-550,47.04
0.17,-550,44.19749999999999
0.18,-550,41.41
0.19,-550,38.6775
0.2,-550,36.0
0.21,-550,33.3775
0.22,-550,30.810000000000002
0.23,-550,28.2975
0.24,-550,25.840000000000003
0.25,-550,23.4375
0.26,-550,21.090000000000003
0.27,-550,18.7975
0.28,-550,16.559999999999988
0.29,-550,14.377500000000012
0.3,-550,12.25
0.31,-550,10.177500000000009
0.32,-550,8.159999999999997
0.33,-550,6.197500000000005
0.34,-550,4.289999999999992
0.35000000000000003,-550,2.4375
0.36,-550,0.6400000000000006
0.37,-550,-1.102499999999992
0.38,-550,-2.789999999999992
0.39,-550,-4.422499999999999
0.4,-550,-6.0
0.41000000000000003,-550,-7.522499999999994
0.42,-550,-8.990000000000009
0.43,-550,-10.402500000000003
0.44,-550,-11.760000000000005
0.45,-550,-13.0625
0.46,-550,-14.310000000000002
0.47000000000000003,-550,-15.502499999999998
0.48,-550,-16.64
0.49,-550,-17.72250000000001
0.5,-550,-18.75
0.51,-550,-19.722499999999997
0.52,-550,-20.639999999999986
0.53,-550,-21.502499999999984
0.54,-550,-22.309999999999988
0.55,-550,-23.062500000000014
0.56,-550,-23.76000000000002
0.5700000000000001,-550,-24.402500000000003
0.58,-550,-24.98999999999998
0.59,-550,-25.522500000000008
0.6,-550,-26.0
0.61,-550,-26.4225
0.62,-550,-26.789999999999992
0.63,-550,-27.102499999999992
0.64,-550,-27.36
0.65,-550,-27.562499999999986
0.66,-550,-27.709999999999994
0.67,-550,-27.80250000000001
0.68,-550,-27.840000000000003
0.6900000000000001,-550,-27.82249999999999
0.7000000000000001,-550,-27.74999999999997
0.71,-550,-27.622500000000002
0.72,-550,-27.439999999999998
0.73,-550,-27.202500000000015
0.74,-550,-26.909999999999997
0.75,-550,-26.5625
0.76,-550,-26.159999999999997
0.77,-550,-25.702500000000015
0.78,-550,-25.189999999999998
0.79,-550,-24.622499999999974
0.8,-550,-23.99999999999997
0.81,-550,-23.322499999999962
0.8200000000000001,-550,-22.589999999999975
0.8300000000000001,-550,-21.80249999999998
0.84,-550,-20.960000000000036
0.85,-550,-20.06250000000003
0.86,-550,-19.110000000000014
0.87,-550,-18.102499999999992
0.88,-550,-17.04000000000002
0.89,-550,-15.922499999999985
0.9,-550,-14.749999999999972
0.91,-550,-13.52249999999998
0.92,-550,-12.23999999999998
0.93,-550,-10.902499999999975
0.9400000000000001,-550,-9.509999999999962
0.9500000000000001,-550,-8.062499999999972
0.96,-550,-6.560000000000002
0.97,-550,-5.002499999999998
0.98,-550,-3.390000000000043
0.99,-550,-1.722500000000025
0.0,-500,100.0
0.01,-500,96.525
0.02,-500,93.1
0.03,-500,89.725
0.04,-500,86.4
0.05,-500,83.125
0.06,-500,79.9
0.07,-500,76.725
0.08,-500,73.6
0.09,-500,70.525
0.1,-500,67.5
0.11,-500,64.525
0.12,-500,61.6
0.13,-500,58.725
0.14,-500,55.89999999999999
0.15,-500,53.125
0.16,-500,50.4
0.17,-500,47.724999999999994
0.18,-500,45.1
0.19,-500,42.525
0.2,-500,40.0
0.21,-500,37.525
0.22,-500,35.099999999999994
0.23,-500,32.724999999999994
0.24,-500,30.400000000000006
0.25,-500,28.125
0.26,-500,25.900000000000006
0.27,-500,23.724999999999994
0.28,-500,21.599999999999994
0.29,-500,19.525000000000006
0.3,-500,17.5
0.31,-500,15.525000000000006
0.32,-500,13.599999999999994
0.33,-500,11.724999999999994
0.34,-500,9.899999999999991
0.35000000000000003,-500,8.125
0.36,-500,6.400000000000006
0.37,-500,4.724999999999994
0.38,-500,3.0999999999999943
0.39,-500,1.5250000000000057
0.4,-500,0.0
0.41000000000000003,-500,-1.4749999999999943
0.42,-500,-2.9000000000000057
0.43,-500,-4.275000000000006
0.44,-500,-5.599999999999994
0.45,-500,-6.875
0.46,-500,-8.099999999999994
0.47000000000000003,-500,-9.274999999999991
0.48,-500,-10.400000000000006
0.49,-500,-11.475000000000009
0.5,-500,-12.5
0.51,-500,-13.474999999999994
0.52,-500,-14.399999999999991
0.53,-500,-15.274999999999991
0.54,-500,-16.099999999999994
0.55,-500,-16.875000000000014
0.56,-500,-17.600000000000023
0.5700000000000001,-500,-18.275000000000006
0.58,-500,-18.900000000000006
0.59,-500,-19.47500000000001
0.6,-500,-20.0
0.61,-500,-20.47500000000001
0.62,-500,-20.89999999999999
0.63,-500,-21.27499999999999
0.64,-500,-21.599999999999994
0.65,-500,-21.874999999999986
0.66,-500,-22.099999999999994
0.67,-500,-22.274999999999977
0.68,-500,-22.400000000000006
0.6900000000000001,-500,-22.47500000000001
0.7000000000000001,-500,-22.5
0.71,-500,-22.47500000000001
0.72,-500,-22.400000000000006
0.73,-500,-22.275000000000006
0.74,-500,-22.099999999999994
0.75,-500,-21.875
0.76,-500,-21.599999999999994
0.77,-500,-21.275000000000006
0.78,-500,-20.899999999999977
0.79,-500,-20.474999999999966
0.8,-500,-19.99999999999997
0.81,-500,-19.474999999999966
0.8200000000000001,-500,-18.899999999999977
0.8300000000000001,-500,-18.274999999999977
0.84,-500,-17.600000000000023
0.85,-500,-16.87500000000003
0.86,-500,-16.100000000000023
0.87,-500,-15.275000000000006
0.88,-500,-14.400000000000006
0.89,-500,-13.474999999999994
0.9,-500,-12.5
0.91,-500,-11.474999999999994
0.92,-500,-10.399999999999977
0.93,-500,-9.274999999999977
0.9400000000000001,-500,-8.099999999999966
0.9500000000000001,-500,-6.874999999999972
0.96,-500,-5.599999999999994
0.97,-500,-4.275000000000006
0.98,-500,-2.900000000000034
0.99,-500,-1.4749999999999943
0.0,-450,100.0
0.01,-450,96.7725
0.02,-450,93.59
0.03,-450,90.4525
0.04,-450,87.36
0.05,-450,84.3125
0.06,-450,81.31
0.07,-450,78.35249999999999
0.08,-450,75.44
0.09,-450,72.5725
0.1,-450,69.75
0.11,-450,66.9725
0.12,-450,64.24000000000001
0.13,-450,61.5525
0.14,-450,58.91
0.15,-450,56.3125
0.16,-450,53.76
0.17,-450,51.2525
0.18,-450,48.79
0.19,-450,46.3725
0.2,-450,44.0
0.21,-450,41.6725
0.22,-450,39.39
0.23,-450,37.1525
0.24,-450,34.959999999999994
0.25,-450,32.8125
0.26,-450,30.710000000000008
0.27,-450,28.652500000000003
0.28,-450,26.639999999999986
0.29,-450,24.6725
0.3,-450,22.75
0.31,-450,20.872500000000002
0.32,-450,19.040000000000006
0.33,-450,17.252499999999998
0.34,-450,15.509999999999991
0.35000000000000003,-450,13.8125
0.36,-450,12.159999999999997
0.37,-450,10.552499999999995
0.38,-450,8.990000000000009
0.39,-450,7.472499999999997
0.4,-450,6.0
0.41000000000000003,-450,4.572500000000005
0.42,-450,3.1899999999999977
0.43,-450,1.852499999999992
0.44,-450,0.5600000000000023
0.45,-450,-0.6875
0.46,-450,-1.8900000000000006
0.47000000000000003,-450,-3.047499999999985
0.48,-450,-4.159999999999997
0.49,-450,-5.227500000000006
0.5,-450,-6.25
0.51,-450,-7.227499999999992
0.52,-450,-8.159999999999997
0.53,-450,-9.047499999999985
0.54,-450,-9.89
0.55,-450,-10.687500000000014
0.56,-450,-11.440000000000012
0.5700000000000001,-450,-12.147500000000008
0.58,-450,-12.810000000000002
0.59,-450,-13.427500000000009
0.6,-450,-14.0
0.61,-450,-14.527500000000003
0.62,-450,-15.009999999999991
0.63,-450,-15.447499999999991
0.64,-450,-15.83999999999999
0.65,-450,-16.187499999999986
0.66,-450,-16.489999999999995
0.67,-450,-16.747499999999988
0.68,-450,-16.960000000000008
0.6900000000000001,-450,-17.127500000000012
0.7000000000000001,-450,-17.25
0.71,-450,-17.3275
0.72,-450,-17.36
0.73,-450,-17.34750000000001
0.74,-450,-17.290000000000006
0.75,-450,-17.1875
0.76,-450,-17.039999999999992
0.77,-450,-16.847499999999997
0.78,-450,-16.609999999999985
0.79,-450,-16.327499999999986
0.8,-450,-15.999999999999972
0.81,-450,-15.62749999999997
0.8200000000000001,-450,-15.20999999999998
0.8300000000000001,-450,-14.747499999999974
0.84,-450,-14.240000000000038
0.85,-450,-13.687500000000028
0.86,-450,-13.090000000000003
0.87,-450,-12.447499999999991
0.88,-450,-11.759999999999991
0.89,-450,-11.027500000000003
0.9,-450,-10.25
0.91,-450,-9.42749999999998
0.92,-450,-8.560000000000002
0.93,-450,-7.6474999999999795
0.9400000000000001,-450,-6.689999999999969
0.9500000000000001,-450,-5.687499999999972
0.96,-450,-4.640000000000015
0.97,-450,-3.5475000000000136
0.98,-450,-2.410000000000025
0.99,-450,-1.2275000000000205
0.0,-400,100.0
0.01,-400,97.02
0.02,-400,94.08
0.03,-400,91.18
0.04,-400,88.32
0.05,-400,85.5
0.06,-400,82.72
0.07,-400,79.97999999999999
0.08,-400,77.28
0.09,-400,74.62
0.1,-400,72.0
0.11,-400,69.42
0.12,-400,66.88
0.13,-400,64.38
0.14,-400,61.919999999999995
0.15,-400,59.5
0.16,-400,57.12
0.17,-400,54.779999999999994
0.18,-400,52.48
0.19,-400,50.22
0.2,-400,48.0
0.21,-400,45.82
0.22,-400,43.68
0.23,-400,41.58
0.24,-400,39.519999999999996
0.25,-400,37.5
0.26,-400,35.519999999999996
0.27,-400,33.58
0.28,-400,31.679999999999993
0.29,-400,29.819999999999993
0.3,-400,28.0
0.31,-400,26.22
0.32,-400,24.480000000000004
0.33,-400,22.78
0.34,-400,21.11999999999999
0.35000000000000003,-400,19.499999999999986
0.36,-400,17.92
0.37,-400,16.379999999999995
0.38,-400,14.879999999999995
0.39,-400,13.420000000000002
0.4,-400,12.0
0.41000000000000003,-400,10.61999999999999
0.42,-400,9.280000000000001
0.43,-400,7.97999999999999
0.44,-400,6.719999999999999
0.45,-400,5.5
0.46,-400,4.319999999999993
0.47000000000000003,-400,3.180000000000007
0.48,-400,2.0799999999999983
0.49,-400,1.019999999999996
0.5,-400,0.0
0.51,-400,-0.980000000000004
0.52,-400,-1.9199999999999875
0.53,-400,-2.819999999999993
0.54,-400,-3.6799999999999926
0.55,-400,-4.5
0.56,-400,-5.28000000000003
0.5700000000000001,-400,-6.02000000000001
0.58,-400,-6.719999999999999
0.59,-400,-7.38000000000001
0.6,-400,-8.0
0.61,-400,-8.579999999999998
0.62,-400,-9.11999999999999
0.63,-400,-9.61999999999999
0.64,-400,-10.079999999999998
0.65,-400,-10.499999999999986
0.66,-400,-10.879999999999995
0.67,-400,-11.219999999999985
0.68,-400,-11.52000000000001
0.6900000000000001,-400,-11.780000000000015
0.7000000000000001,-400,-12.000000000000014
0.71,-400,-12.180000000000007
0.72,-400,-12.320000000000007
0.73,-400,-12.420000000000016
0.74,-400,-12.480000000000004
0.75,-400,-12.5
0.76,-400,-12.480000000000004
0.77,-400,-12.420000000000002
0.78,-400,-12.319999999999993
0.79,-400,-12.179999999999978
0.8,-400,-11.999999999999972
0.81,-400,-11.780000000000001
0.8200000000000001,-400,-11.52000000000001
0.8300000000000001,-400,-11.220000000000027
0.84,-400,-10.880000000000024
0.85,-400,-10.500000000000028
0.86,-400,-10.080000000000013
0.87,-400,-9.620000000000005
0.88,-400,-9.120000000000005
0.89,-400,-8.579999999999984
0.9,-400,-8.0
0.91,-400,-7.3799999999999955
0.92,-400,-6.719999999999999
0.93,-400,-6.019999999999982
0.9400000000000001,-400,-5.279999999999973
0.9500000000000001,-400,-4.499999999999972
0.96,-400,-3.680000000000007
0.97,-400,-2.8200000000000216
0.98,-400,-1.920000000000016
0.99,-400,-0.9800000000000182
0.0,-350,100.0
0.01,-350,97.2675
0.02,-350,94.57
0.03,-350,91.9075
0.04,-350,89.28
0.05,-350,86.6875
0.06,-350,84.13
0.07,-350,81.6075
0.08,-350,79.12
0.09,-350,76.6675
0.1,-350,74.25
0.11,-350,71.8675
0.12,-350,69.52
0.13,-350,67.20750000000001
0.14,-350,64.92999999999999
0.15,-350,62.6875
0.16,-350,60.480000000000004
0.17,-350,58.307500000000005
0.18,-350,56.17
0.19,-350,54.0675
0.2,-350,52.0
0.21,-350,49.9675
0.22,-350,47.97
0.23,-350,46.0075
0.24,-350,44.08
0.25,-350,42.1875
0.26,-350,40.33
0.27,-350,38.5075
0.28,-350,36.719999999999985
0.29,-350,34.9675
0.3,-350,33.25
0.31,-350,31.567499999999995
0.32,-350,29.92
0.33,-350,28.307500000000005
0.34,-350,26.730000000000004
0.35000000000000003,-350,25.187499999999986
0.36,-350,23.680000000000007
0.37,-350,22.207499999999996
0.38,-350,20.769999999999996
0.39,-350,19.367500000000007
0.4,-350,18.0
0.41000000000000003,-350,16.66749999999999
0.42,-350,15.36999999999999
0.43,-350,14.107499999999987
0.44,-350,12.879999999999995
0.45,-350,11.6875
0.46,-350,10.530000000000001
0.47000000000000003,-350,9.407499999999999
0.48,-350,8.319999999999993
0.49,-350,7.267499999999998
0.5,-350,6.25
0.51,-350,5.267499999999998
0.52,-350,4.320000000000007
0.53,-350,3.407499999999999
0.54,-350,2.530000000000001
0.55,-350,1.6875
0.56,-350,0.8799999999999812
0.5700000000000001,-350,0.1074999999999875
0.58,-350,-0.6299999999999955
0.59,-350,-1.3325000000000102
0.6,-350,-2.0
0.61,-350,-2.6325000000000074
0.62,-350,-3.2299999999999898
0.63,-350,-3.7924999999999898
0.64,-350,-4.319999999999993
0.65,-350,-4.812499999999986
0.66,-350,-5.269999999999996
0.67,-350,-5.692499999999981
0.68,-350,-6.079999999999984
0.6900000000000001,-350,-6.432500000000019
0.7000000000000001,-350,-6.750000000000014
0.71,-350,-7.032499999999999
0.72,-350,-7.280000000000001
0.73,-350,-7.492500000000007
0.74,-350,-7.670000000000002
0.75,-350,-7.8125
0.76,-350,-7.920000000000002
0.77,-350,-7.992500000000007
0.78,-350,-8.029999999999987
0.79,-350,-8.032499999999985
0.8,-350,-7.999999999999972
0.81,-350,-7.9325000000000045
0.8200000000000001,-350,-7.8300000000000125
0.8300000000000001,-350,-7.69250000000001
0.84,-350,-7.520000000000024
0.85,-350,-7.312500000000014
0.86,-350,-7.070000000000022
0.87,-350,-6.79249999999999
0.88,-350,-6.480000000000018
0.89,-350,-6.132499999999993
0.9,-350,-5.75
0.91,-350,-5.332499999999982
0.92,-350,-4.8799999999999955
0.93,-350,-4.392499999999984
0.9400000000000001,-350,-3.869999999999976
0.9500000000000001,-350,-3.3125
0.96,-350,-2.719999999999999
0.97,-350,-2.092500000000001
0.98,-350,-1.4300000000000068
0.99,-350,-0.7325000000000159
0.0,-300,100.0
0.01,-300,97.515
0.02,-300,95.06
0.03,-300,92.635
0.04,-300,90.24
0.05,-300,87.875
0.06,-300,85.53999999999999
0.07,-300,83.235
0.08,-300,80.96000000000001
0.09,-300,78.715
0.1,-300,76.5
0.11,-300,74.315
0.12,-300,72.16
0.13,-300,70.035
0.14,-300,67.94
0.15,-300,65.875
0.16,-300,63.84
0.17,-300,61.835
0.18,-300,59.86
0.19,-300,57.915
0.2,-300,56.0
0.21,-300,54.115
0.22,-300,52.26
0.23,-300,50.435
0.24,-300,48.64
0.25,-300,46.875
0.26,-300,45.14
0.27,-300,43.435
0.28,-300,41.760000000000005
0.29,-300,40.114999999999995
0.3,-300,38.5
0.31,-300,36.915
0.32,-300,35.36
0.33,-300,33.83500000000001
0.34,-300,32.34
0.35000000000000003,-300,30.874999999999986
0.36,-300,29.439999999999998
0.37,-300,28.034999999999997
0.38,-300,26.659999999999997
0.39,-300,25.314999999999998
0.4,-300,24.0
0.41000000000000003,-300,22.71499999999999
0.42,-300,21.459999999999994
0.43,-300,20.235
0.44,-300,19.039999999999992
0.45,-300,17.875
0.46,-300,16.74000000000001
0.47000000000000003,-300,15.634999999999991
0.48,-300,14.560000000000002
0.49,-300,13.515
0.5,-300,12.5
0.51,-300,11.515
0.52,-300,10.560000000000002
0.53,-300,9.635000000000005
0.54,-300,8.740000000000009
0.55,-300,7.875
0.56,-300,7.040000000000006
0.5700000000000001,-300,6.234999999999985
0.58,-300,5.459999999999994
0.59,-300,4.715000000000003
0.6,-300,4.0
0.61,-300,3.3149999999999977
0.62,-300,2.6599999999999966
0.63,-300,2.0349999999999966
0.64,-300,1.4399999999999977
0.65,-300,0.875
0.66,-300,0.3400000000000034
0.67,-300,-0.16499999999999204
0.68,-300,-0.6399999999999864
0.6900000000000001,-300,-1.0850000000000222
0.7000000000000001,-300,-1.5000000000000142
0.71,-300,-1.8850000000000051
0.72,-300,-2.240000000000009
0.73,-300,-2.565000000000012
0.74,-300,-2.8599999999999994
0.75,-300,-3.125
0.76,-300,-3.3599999999999994
0.77,-300,-3.5649999999999977
0.78,-300,-3.739999999999995
0.79,-300,-3.884999999999991
0.8,-300,-3.999999999999986
0.81,-300,-4.0849999999999795
0.8200000000000001,-300,-4.140000000000015
0.8300000000000001,-300,-4.1650000000000205
0.84,-300,-4.160000000000011
0.85,-300,-4.125000000000014
0.86,-300,-4.0600000000000165
0.87,-300,-3.9650000000000034
0.88,-300,-3.8400000000000034
0.89,-300,-3.6850000000000023
0.9,-300,-3.499999999999986
0.91,-300,-3.2849999999999966
0.92,-300,-3.039999999999992
0.93,-300,-2.7649999999999864
0.9400000000000001,-300,-2.460000000000008
0.9500000000000001,-300,-2.1250000000000284
0.96,-300,-1.759999999999991
0.97,-300,-1.365000000000009
0.98,-300,-0.9399999999999977
0.99,-300,-0.48500000000001364
0.0,-250,100.0
0.01,-250,97.7625
0.02,-250,95.55
0.03,-250,93.3625
0.04,-250,91.2
0.05,-250,89.0625
0.06,-250,86.95
0.07,-250,84.8625
0.08,-250,82.8
0.09,-250,80.7625
0.1,-250,78.75
0.11,-250,76.7625
0.12,-250,74.8
0.13,-250,72.8625
0.14,-250,70.94999999999999
0.15,-250,69.0625
0.16,-250,67.2
0.17,-250,65.3625
0.18,-250,63.55
0.19,-250,61.7625
0.2,-250,60.0
0.21,-250,58.2625
0.22,-250,56.55
0.23,-250,54.8625
0.24,-250,53.2
0.25,-250,51.5625
0.26,-250,49.95
0.27,-250,48.3625
0.28,-250,46.8
0.29,-250,45.2625
0.3,-250,43.75
0.31,-250,42.2625
0.32,-250,40.8
0.33,-250,39.3625
0.34,-250,37.95
0.35000000000000003,-250,36.562499999999986
0.36,-250,35.2
0.37,-250,33.8625
0.38,-250,32.55
0.39,-250,31.262500000000003
0.4,-250,30.0
0.41000000000000003,-250,28.762500000000003
0.42,-250,27.549999999999997
0.43,-250,26.362499999999997
0.44,-250,25.200000000000003
0.45,-250,24.0625
0.46,-250,22.950000000000003
0.47000000000000003,-250,21.86250000000001
0.48,-250,20.799999999999997
0.49,-250,19.76249999999999
0.5,-250,18.75
0.51,-250,17.762500000000003
0.52,-250,16.80000000000001
0.53,-250,15.862500000000011
0.54,-250,14.949999999999989
0.55,-250,14.0625
0.56,-250,13.199999999999989
0.5700000000000001,-250,12.362500000000011
0.58,-250,11.549999999999997
0.59,-250,10.762499999999989
0.6,-250,10.0
0.61,-250,9.262499999999989
0.62,-250,8.550000000000011
0.63,-250,7.862500000000011
0.64,-250,7.200000000000003
0.65,-250,6.5625
0.66,-250,5.950000000000003
0.67,-250,5.362500000000011
0.68,-250,4.800000000000011
0.6900000000000001,-250,4.262500000000017
0.7000000000000001,-250,3.749999999999986
0.71,-250,3.2624999999999886
0.72,-250,2.799999999999997
0.73,-250,2.362499999999997
0.74,-250,1.9500000000000028
0.75,-250,1.5625
0.76,-250,1.2000000000000028
0.77,-250,0.8624999999999972
0.78,-250,0.5500000000000114
0.79,-250,0.26250000000001705
0.8,-250,1.4210854715202004e-14
0.81,-250,-0.23749999999998295
0.8200000000000001,-250,-0.44999999999998863
0.8300000000000001,-250,-0.637500000000017
0.84,-250,-0.8000000000000114
0.85,-250,-0.9375000000000142
0.86,-250,-1.0500000000000114
0.87,-250,-1.1375000000000028
0.88,-250,-1.2000000000000028
0.89,-250,-1.2374999999999972
0.9,-250,-1.25
0.91,-250,-1.2374999999999972
0.92,-250,-1.1999999999999886
0.93,-250,-1.1374999999999886
0.9400000000000001,-250,-1.049999999999983
0.9500000000000001,-250,-0.9375000000000142
0.96,-250,-0.7999999999999972
0.97,-250,-0.6375000000000028
0.98,-250,-0.45000000000001705
0.99,-250,-0.23749999999999716
0.0,-200,100.0
0.01,-200,98.01
0.02,-200,96.04
0.03,-200,94.09
0.04,-200,92.16
0.05,-200,90.25
0.06,-200,88.36
0.07,-200,86.49
0.08,-200,84.64
0.09,-200,82.81
0.1,-200,81.0
0.11,-200,79.21000000000001
0.12,-200,77.44
0.13,-200,75.69
0.14,-200,73.96
0.15,-200,72.25
0.16,-200,70.56
0.17,-200,68.89
0.18,-200,67.24000000000001
0.19,-200,65.61
0.2,-200,64.0
0.21,-200,62.41
0.22,-200,60.84
0.23,-200,59.29
0.24,-200,57.76
0.25,-200,56.25
0.26,-200,54.76
0.27,-200,53.29
0.28,-200,51.839999999999996
0.29,-200,50.41000000000001
0.3,-200,49.0
0.31,-200,47.61
0.32,-200,46.24
0.33,-200,44.89
0.34,-200,43.56
0.35000000000000003,-200,42.25
0.36,-200,40.96
0.37,-200,39.69
0.38,-200,38.44
0.39,-200,37.21
0.4,-200,36.0
0.41000000000000003,-200,34.81
0.42,-200,33.64
0.43,-200,32.489999999999995
0.44,-200,31.36
0.45,-200,30.25
0.46,-200,29.159999999999997
0.47000000000000003,-200,28.090000000000003
0.48,-200,27.039999999999992
0.49,-200,26.00999999999999
0.5,-200,25.0
0.51,-200,24.00999999999999
0.52,-200,23.040000000000006
0.53,-200,22.090000000000003
0.54,-200,21.159999999999997
0.55,-200,20.249999999999986
0.56,-200,19.359999999999985
0.5700000000000001,-200,18.489999999999995
0.58,-200,17.640000000000015
0.59,-200,16.810000000000002
0.6,-200,16.0
0.61,-200,15.210000000000008
0.62,-200,14.439999999999998
0.63,-200,13.689999999999998
0.64,-200,12.960000000000008
0.65,-200,12.25
0.66,-200,11.560000000000002
0.67,-200,10.890000000000015
0.68,-200,10.240000000000009
0.6900000000000001,-200,9.610000000000014
0.7000000000000001,-200,9.0
0.71,-200,8.409999999999997
0.72,-200,7.840000000000003
0.73,-200,7.289999999999992
0.74,-200,6.759999999999991
0.75,-200,6.25
0.76,-200,5.759999999999991
0.77,-200,5.289999999999992
0.78,-200,4.840000000000003
0.79,-200,4.410000000000011
0.8,-200,4.000000000000014
0.81,-200,3.6100000000000136
0.8200000000000001,-200,3.240000000000009
0.8300000000000001,-200,2.8900000000000006
0.84,-200,2.559999999999988
0.85,-200,2.249999999999986
0.86,-200,1.9599999999999937
0.87,-200,1.6899999999999977
0.88,-200,1.4399999999999977
0.89,-200,1.210000000000008
0.9,-200,1.0
0.91,-200,0.8100000000000023
0.92,-200,0.6400000000000006
0.93,-200,0.4900000000000091
0.9400000000000001,-200,0.36000000000001364
0.9500000000000001,-200,0.2500000000000142
0.96,-200,0.1599999999999966
0.97,-200,0.0899999999999892
0.98,-200,0.03999999999999204
0.99,-200,0.009999999999990905
0.0,-150,100.0
0.01,-150,98.2575
0.02,-150,96.53
0.03,-150,94.8175
0.04,-150,93.12
0.05,-150,91.4375
0.06,-150,89.77
0.07,-150,88.11749999999999
0.08,-150,86.48
0.09,-150,84.8575
0.1,-150,83.25
0.11,-150,81.6575
0.12,-150,80.08
0.13,-150,78.5175
0.14,-150,76.97
0.15,-150,75.4375
0.16,-150,73.92
0.17,-150,72.41749999999999
0.18,-150,70.93
0.19,-150,69.4575
0.2,-150,68.0
0.21,-150,66.5575
0.22,-150,65.13
0.23,-150,63.7175
0.24,-150,62.32
0.25,-150,60.9375
0.26,-150,59.57
0.27,-150,58.2175
0.28,-150,56.879999999999995
0.29,-150,55.5575
0.3,-150,54.25
0.31,-150,52.9575
0.32,-150,51.68
0.33,-150,50.417500000000004
0.34,-150,49.169999999999995
0.35000000000000003,-150,47.93749999999999
0.36,-150,46.72
0.37,-150,45.5175
0.38,-150,44.33
0.39,-150,43.1575
0.4,-150,42.0
0.41000000000000003,-150,40.8575
0.42,-150,39.73
0.43,-150,38.6175
0.44,-150,37.519999999999996
0.45,-150,36.4375
0.46,-150,35.370000000000005
0.47000000000000003,-150,34.317499999999995
0.48,-150,33.28
0.49,-150,32.25749999999999
0.5,-150,31.25
0.51,-150,30.257499999999993
0.52,-150,29.28
0.53,-150,28.317499999999995
0.54,-150,27.370000000000005
0.55,-150,26.437499999999986
0.56,-150,25.519999999999982
0.5700000000000001,-150,24.617499999999993
0.58,-150,23.72999999999999
0.59,-150,22.8575
0.6,-150,22.0
0.61,-150,21.1575
0.62,-150,20.33
0.63,-150,19.5175
0.64,-150,18.72
0.65,-150,17.9375
0.66,-150,17.17
0.67,-150,16.417500000000004
0.68,-150,15.679999999999993
0.6900000000000001,-150,14.957499999999982
0.7000000000000001,-150,14.25
0.71,-150,13.557500000000005
0.72,-150,12.879999999999995
0.73,-150,12.217500000000001
0.74,-150,11.569999999999993
0.75,-150,10.9375
0.76,-150,10.319999999999993
0.77,-150,9.717500000000001
0.78,-150,9.129999999999995
0.79,-150,8.557500000000005
0.8,-150,8.0
0.81,-150,7.45750000000001
0.8200000000000001,-150,6.930000000000007
0.8300000000000001,-150,6.417500000000004
0.84,-150,5.9199999999999875
0.85,-150,5.4375
0.86,-150,4.969999999999999
0.87,-150,4.517499999999998
0.88,-150,4.079999999999998
0.89,-150,3.657499999999999
0.9,-150,3.25
0.91,-150,2.8575000000000017
0.92,-150,2.480000000000004
0.93,-150,2.117500000000007
0.9400000000000001,-150,1.7700000000000102
0.9500000000000001,-150,1.4375
0.96,-150,1.1200000000000045
0.97,-150,0.8174999999999955
0.98,-150,0.5300000000000011
0.99,-150,0.2574999999999932
0.0,-100,100.0
0.01,-100,98.505
0.02,-100,97.02
0.03,-100,95.545
0.04,-100,94.08
0.05,-100,92.625
0.06,-100,91.18
0.07,-100,89.745
0.08,-100,88.32
0.09,-100,86.905
0.1,-100,85.5
0.11,-100,84.105
0.12,-100,82.72
0.13,-100,81.345
0.14,-100,79.97999999999999
0.15,-100,78.625
0.16,-100,77.28
0.17,-100,75.945
0.18,-100,74.62
0.19,-100,73.305
0.2,-100,72.0
0.21,-100,70.705
0.22,-100,69.42
0.23,-100,68.145
0.24,-100,66.88
0.25,-100,65.625
0.26,-100,64.38
0.27,-100,63.145
0.28,-100,61.919999999999995
0.29,-100,60.705
0.3,-100,59.5
0.31,-100,58.305
0.32,-100,57.12
0.33,-100,55.945
0.34,-100,54.779999999999994
0.35000000000000003,-100,53.62499999999999
0.36,-100,52.48
0.37,-100,51.345
0.38,-100,50.22
0.39,-100,49.105000000000004
0.4,-100,48.0
0.41000000000000003,-100,46.904999999999994
0.42,-100,45.82
0.43,-100,44.745
0.44,-100,43.68
0.45,-100,42.625
0.46,-100,41.58
0.47000000000000003,-100,40.545
0.48,-100,39.519999999999996
0.49,-100,38.504999999999995
0.5,-100,37.5
0.51,-100,36.504999999999995
0.52,-100,35.519999999999996
0.53,-100,34.545
0.54,-100,33.58
0.55,-100,32.625
0.56,-100,31.679999999999993
0.5700000000000001,-100,30.74499999999999
0.58,-100,29.819999999999993
0.59,-100,28.905
0.6,-100,28.0
0.61,-100,27.105000000000004
0.62,-100,26.22
0.63,-100,25.345
0.64,-100,24.480000000000004
0.65,-100,23.625
0.66,-100,22.78
0.67,-100,21.945000000000007
0.68,-100,21.11999999999999
0.6900000000000001,-100,20.304999999999993
0.7000000000000001,-100,19.499999999999986
0.71,-100,18.705
0.72,-100,17.92
0.73,-100,17.144999999999996
0.74,-100,16.379999999999995
0.75,-100,15.625
0.76,-100,14.879999999999995
0.77,-100,14.144999999999996
0.78,-100,13.420000000000002
0.79,-100,12.705000000000013
0.8,-100,12.0
0.81,-100,11.304999999999993
0.8200000000000001,-100,10.61999999999999
0.8300000000000001,-100,9.944999999999993
0.84,-100,9.280000000000001
0.85,-100,8.625
0.86,-100,7.97999999999999
0.87,-100,7.344999999999999
0.88,-100,6.719999999999999
0.89,-100,6.105000000000004
0.9,-100,5.5
0.91,-100,4.905000000000001
0.92,-100,4.319999999999993
0.93,-100,3.7450000000000045
0.9400000000000001,-100,3.180000000000007
0.9500000000000001,-100,2.625
0.96,-100,2.0799999999999983
0.97,-100,1.5449999999999875
0.98,-100,1.019999999999996
0.99,-100,0.5049999999999955
0.0,-50,100.0
0.01,-50,98.7525
0.02,-50,97.51
0.03,-50,96.2725
0.04,-50,95.04
0.05,-50,93.8125
0.06,-50,92.59
0.07,-50,91.3725
0.08,-50,90.16
0.09,-50,88.9525
0.1,-50,87.75
0.11,-50,86.5525
0.12,-50,85.36
0.13,-50,84.1725
0.14,-50,82.99
0.15,-50,81.8125
0.16,-50,80.64
0.17,-50,79.4725
0.18,-50,78.31
0.19,-50,77.1525
0.2,-50,76.0
0.21,-50,74.85249999999999
0.22,-50,73.71000000000001
0.23,-50,72.5725
0.24,-50,71.44
0.25,-50,70.3125
0.26,-50,69.19
0.27,-50,68.0725
0.28,-50,66.96000000000001
0.29,-50,65.85249999999999
0.3,-50,64.75
0.31,-50,63.6525
0.32,-50,62.56
0.33,-50,61.4725
0.34,-50,60.39
0.35000000000000003,-50,59.31249999999999
0.36,-50,58.24
0.37,-50,57.1725
0.38,-50,56.11
0.39,-50,55.0525
0.4,-50,54.0
0.41000000000000003,-50,52.95249999999999
0.42,-50,51.91
0.43,-50,50.8725
0.44,-50,49.84
0.45,-50,48.8125
0.46,-50,47.79
0.47000000000000003,-50,46.772499999999994
0.48,-50,45.76
0.49,-50,44.7525
0.5,-50,43.75
0.51,-50,42.7525
0.52,-50,41.76
0.53,-50,40.7725
0.54,-50,39.79
0.55,-50,38.8125
0.56,-50,37.84
0.5700000000000001,-50,36.87249999999999
0.58,-50,35.91
0.59,-50,34.9525
0.6,-50,34.0
0.61,-50,33.052499999999995
0.62,-50,32.11
0.63,-50,31.1725
0.64,-50,30.239999999999995
0.65,-50,29.3125
0.66,-50,28.39
0.67,-50,27.472499999999997
0.68,-50,26.560000000000002
0.6900000000000001,-50,25.65249999999999
0.7000000000000001,-50,24.749999999999986
0.71,-50,23.852499999999992
0.72,-50,22.959999999999994
0.73,-50,22.07249999999999
0.74,-50,21.189999999999998
0.75,-50,20.3125
0.76,-50,19.439999999999998
0.77,-50,18.572500000000005
0.78,-50,17.710000000000008
0.79,-50,16.852500000000006
0.8,-50,16.0
0.81,-50,15.152500000000003
0.8200000000000001,-50,14.309999999999988
0.8300000000000001,-50,13.472499999999982
0.84,-50,12.64
0.85,-50,11.8125
0.86,-50,10.989999999999995
0.87,-50,10.1725
0.88,-50,9.36
0.89,-50,8.552500000000009
0.9,-50,7.75
0.91,-50,6.952500000000001
0.92,-50,6.159999999999997
0.93,-50,5.372500000000002
0.9400000000000001,-50,4.589999999999989
0.9500000000000001,-50,3.812499999999986
0.96,-50,3.039999999999992
0.97,-50,2.2724999999999937
0.98,-50,1.509999999999991
0.99,-50,0.7524999999999977
0.0,0,100.0
0.01,0,99.0
0.02,0,98.0
0.03,0,97.0
0.04,0,96.0
0.05,0,95.0
0.06,0,94.0
0.07,0,93.0
0.08,0,92.0
0.09,0,91.0
0.1,0,90.0
0.11,0,89.0
0.12,0,88.0
0.13,0,87.0
0.14,0,86.0
0.15,0,85.0
0.16,0,84.0
0.17,0,83.0
0.18,0,82.0
0.19,0,81.0
0.2,0,80.0
0.21,0,79.0
0.22,0,78.0
0.23,0,77.0
0.24,0,76.0
0.25,0,75.0
0.26,0,74.0
0.27,0,73.0
0.28,0,72.0
0.29,0,71.0
0.3,0,70.0
0.31,0,69.0
0.32,0,68.0
0.33,0,67.0
0.34,0,66.0
0.35000000000000003,0,65.0
0.36,0,64.0
0.37,0,63.0
0.38,0,62.0
0.39,0,61.0
0.4,0,60.0
0.41000000000000003,0,59.0
0.42,0,58.0
0.43,0,57.0
0.44,0,56.0
0.45,0,55.0
0.46,0,54.0
0.47000000000000003,0,53.0
0.48,0,52.0
0.49,0,51.0
0.5,0,50.0
0.51,0,49.0
0.52,0,48.0
0.53,0,47.0
0.54,0,46.0
0.55,0,44.99999999999999
0.56,0,43.99999999999999
0.5700000000000001,0,42.99999999999999
0.58,0,42.00000000000001
0.59,0,41.0
0.6,0,40.0
0.61,0,39.0
0.62,0,38.0
0.63,0,37.0
0.64,0,36.0
0.65,0,35.0
0.66,0,34.0
0.67,0,33.0
0.68,0,32.0
0.6900000000000001,0,31.0
0.7000000000000001,0,30.0
0.71,0,29.0
0.72,0,28.0
0.73,0,27.0
0.74,0,26.0
0.75,0,25.0
0.76,0,24.0
0.77,0,23.0
0.78,0,22.0
0.79,0,21.0
0.8,0,20.0
0.81,0,19.0
0.8200000000000001,0,18.0
0.8300000000000001,0,17.0
0.84,0,16.0
0.85,0,15.0
0.86,0,14.0
0.87,0,13.0
0.88,0,12.0
0.89,0,11.0
0.9,0,10.0
0.91,0,9.0
0.92,0,8.0
0.93,0,7.0
0.9400000000000001,0,6.0
0.9500000000000001,0,5.0
0.96,0,4.0
0.97,0,3.0
0.98,0,2.0
0.99,0,1.0
0.0,50,100.0
0.01,50,99.2475
0.02,50,98.49
0.03,50,97.7275
0.04,50,96.96
0.05,50,96.1875
0.06,50,95.41
0.07,50,94.6275
0.08,50,93.84
0.09,50,93.0475
0.1,50,92.25
0.11,50,91.4475
0.12,50,90.64
0.13,50,89.8275
0.14,50,89.00999999999999
0.15,50,88.1875
0.16,50,87.36
0.17,50,86.5275
0.18,50,85.69
0.19,50,84.8475
0.2,50,84.0
0.21,50,83.14750000000001
0.22,50,82.28999999999999
0.23,50,81.4275
0.24,50,80.56
0.25,50,79.6875
0.26,50,78.81
0.27,50,77.9275
0.28,50,77.03999999999999
0.29,50,76.14750000000001
0.3,50,75.25
0.31,50,74.3475
0.32,50,73.44
0.33,50,72.5275
0.34,50,71.61
0.35000000000000003,50,70.6875
0.36,50,69.76
0.37,50,68.8275
0.38,50,67.89
0.39,50,66.94749999999999
0.4,50,66.0
0.41000000000000003,50,65.0475
0.42,50,64.09
0.43,50,63.1275
0.44,50,62.16
0.45,50,61.1875
0.46,50,60.21
0.47000000000000003,50,59.2275
0.48,50,58.24
0.49,50,57.2475
0.5,50,56.25
0.51,50,55.2475
0.52,50,54.24
0.53,50,53.2275
0.54,50,52.21
0.55,50,51.1875
0.56,50,50.15999999999999
0.5700000000000001,50,49.12749999999999
0.58,50,48.09
0.59,50,47.0475
0.6,50,46.0
0.61,50,44.9475
0.62,50,43.89
0.63,50,42.8275
0.64,50,41.76
0.65,50,40.6875
0.66,50,39.61
0.67,50,38.527499999999996
0.68,50,37.43999999999999
0.6900000000000001,50,36.34749999999999
0.7000000000000001,50,35.249999999999986
0.71,50,34.14750000000001
0.72,50,33.040000000000006
0.73,50,31.92750000000001
0.74,50,30.810000000000002
0.75,50,29.6875
0.76,50,28.560000000000002
0.77,50,27.427499999999995
0.78,50,26.289999999999992
0.79,50,25.147499999999994
0.8,50,24.0
0.81,50,22.847499999999997
0.8200000000000001,50,21.689999999999998
0.8300000000000001,50,20.52749999999999
0.84,50,19.36
0.85,50,18.1875
0.86,50,17.010000000000005
0.87,50,15.8275
0.88,50,14.64
0.89,50,13.447499999999991
0.9,50,12.25
0.91,50,11.0475
0.92,50,9.840000000000003
0.93,50,8.627499999999998
0.9400000000000001,50,7.409999999999997
0.9500000000000001,50,6.1875
0.96,50,4.960000000000008
0.97,50,3.7275000000000063
0.98,50,2.490000000000009
0.99,50,1.2475000000000023
0.0,100,100.0
0.01,100,99.495
0.02,100,98.98
0.03,100,98.455
0.04,100,97.92
0.05,100,97.375
0.06,100,96.82
0.07,100,96.255
0.08,100,95.68
0.09,100,95.095
0.1,100,94.5
0.11,100,93.895
0.12,100,93.28
0.13,100,92.655
0.14,100,92.02
0.15,100,91.375
0.16,100,90.72
0.17,100,90.055
0.18,100,89.38
0.19,100,88.695
0.2,100,88.0
0.21,100,87.295
0.22,100,86.58
0.23,100,85.855
0.24,100,85.12
0.25,100,84.375
0.26,100,83.62
0.27,100,82.855
0.28,100,82.08
0.29,100,81.295
0.3,100,80.5
0.31,100,79.695
0.32,100,78.88
0.33,100,78.055
0.34,100,77.22
0.35000000000000003,100,76.375
0.36,100,75.52
0.37,100,74.655
0.38,100,73.78
0.39,100,72.895
0.4,100,72.0
0.41000000000000003,100,71.095
0.42,100,70.18
0.43,100,69.255
0.44,100,68.32
0.45,100,67.375
0.46,100,66.42
0.47000000000000003,100,65.455
0.48,100,64.48
0.49,100,63.495000000000005
0.5,100,62.5
0.51,100,61.495000000000005
0.52,100,60.48
0.53,100,59.455
0.54,100,58.42
0.55,100,57.37499999999999
0.56,100,56.31999999999999
0.5700000000000001,100,55.254999999999995
0.58,100,54.18000000000001
0.59,100,53.095
0.6,100,52.0
0.61,100,50.894999999999996
0.62,100,49.78
0.63,100,48.655
0.64,100,47.519999999999996
0.65,100,46.375
0.66,100,45.22
0.67,100,44.05499999999999
0.68,100,42.879999999999995
0.6900000000000001,100,41.69499999999999
0.7000000000000001,100,40.5
0.71,100,39.295
0.72,100,38.08
0.73,100,36.855000000000004
0.74,100,35.620000000000005
0.75,100,34.375
0.76,100,33.120000000000005
0.77,100,31.855000000000004
0.78,100,30.58
0.79,100,29.294999999999987
0.8,100,28.0
0.81,100,26.694999999999993
0.8200000000000001,100,25.379999999999995
0.8300000000000001,100,24.055000000000007
0.84,100,22.72
0.85,100,21.375
0.86,100,20.02000000000001
0.87,100,18.655
0.88,100,17.28
0.89,100,15.894999999999996
0.9,100,14.5
0.91,100,13.094999999999999
0.92,100,11.680000000000007
0.93,100,10.254999999999995
0.9400000000000001,100,8.819999999999993
0.9500000000000001,100,7.375
0.96,100,5.920000000000002
0.97,100,4.4550000000000125
0.98,100,2.980000000000004
0.99,100,1.4950000000000045
0.0,150,100.0
0.01,150,99.7425
0.02,150,99.47
0.03,150,99.1825
0.04,150,98.88
0.05,150,98.5625
0.06,150,98.23
0.07,150,97.8825
0.08,150,97.52
0.09,150,97.1425
0.1,150,96.75
0.11,150,96.3425
0.12,150,95.92
0.13,150,95.4825
0.14,150,95.03
0.15,150,94.5625
0.16,150,94.08
0.17,150,93.5825
0.18,150,93.07
0.19,150,92.5425
0.2,150,92.0
0.21,150,91.4425
0.22,150,90.87
0.23,150,90.2825
0.24,150,89.68
0.25,150,89.0625
0.26,150,88.43
0.27,150,87.7825
0.28,150,87.12
0.29,150,86.4425
0.3,150,85.75
0.31,150,85.0425
0.32,150,84.32
0.33,150,83.5825
0.34,150,82.83
0.35000000000000003,150,82.0625
0.36,150,81.28
0.37,150,80.4825
0.38,150,79.67
0.39,150,78.8425
0.4,150,78.0
0.41000000000000003,150,77.1425
0.42,150,76.27000000000001
0.43,150,75.3825
0.44,150,74.48
0.45,150,73.5625
0.46,150,72.63
0.47000000000000003,150,71.6825
0.48,150,70.72
0.49,150,69.7425
0.5,150,68.75
0.51,150,67.7425
0.52,150,66.72
0.53,150,65.6825
0.54,150,64.63
0.55,150,63.56249999999999
0.56,150,62.48
0.5700000000000001,150,61.38249999999999
0.58,150,60.27
0.59,150,59.1425
0.6,150,58.0
0.61,150,56.8425
0.62,150,55.67
0.63,150,54.4825
0.64,150,53.28
0.65,150,52.0625
0.66,150,50.83
0.67,150,49.582499999999996
0.68,150,48.31999999999999
0.6900000000000001,150,47.0425
0.7000000000000001,150,45.74999999999999
0.71,150,44.4425
0.72,150,43.120000000000005
0.73,150,41.782500000000006
0.74,150,40.43
0.75,150,39.0625
0.76,150,37.68
0.77,150,36.2825
0.78,150,34.870000000000005
0.79,150,33.442499999999995
0.8,150,32.0
0.81,150,30.54249999999999
0.8200000000000001,150,29.069999999999993
0.8300000000000001,150,27.582499999999996
0.84,150,26.080000000000013
0.85,150,24.5625
0.86,150,23.03
0.87,150,21.4825
0.88,150,19.92
0.89,150,18.3425
0.9,150,16.75
0.91,150,15.142499999999998
0.92,150,13.519999999999996
0.93,150,11.882499999999993
0.9400000000000001,150,10.22999999999999
0.9500000000000001,150,8.5625
0.96,150,6.8799999999999955
0.97,150,5.1825000000000045
0.98,150,3.469999999999999
0.99,150,1.7425000000000068
0.0,200,100.0
0.01,200,99.99
0.02,200,99.96
0.03,200,99.91
0.04,200,99.84
0.05,200,99.75
0.06,200,99.64
0.07,200,99.51
0.08,200,99.36
0.09,200,99.19
0.1,200,99.0
0.11,200,98.79
0.12,200,98.56
0.13,200,98.31
0.14,200,98.04
0.15,200,97.75
0.16,200,97.44
0.17,200,97.11
0.18,200,96.76
0.19,200,96.39
0.2,200,96.0
0.21,200,95.59
0.22,200,95.16
0.23,200,94.71
0.24,200,94.24
0.25,200,93.75
0.26,200,93.24
0.27,200,92.71
0.28,200,92.16
0.29,200,91.59
0.3,200,91.0
0.31,200,90.39
0.32,200,89.76
0.33,200,89.11
0.34,200,88.44
0.35000000000000003,200,87.75
0.36,200,87.04
0.37,200,86.31
0.38,200,85.56
0.39,200,84.78999999999999
0.4,200,84.0
0.41000000000000003,200,83.19
0.42,200,82.36
0.43,200,81.51
0.44,200,80.64
0.45,200,79.75
0.46,200,78.84
0.47000000000000003,200,77.91
0.48,200,76.96000000000001
0.49,200,75.99000000000001
0.5,200,75.0
0.51,200,73.99000000000001
0.52,200,72.96
0.53,200,71.91
0.54,200,70.84
0.55,200,69.75
0.56,200,68.64
0.5700000000000001,200,67.50999999999999
0.58,200,66.36
0.59,200,65.19
0.6,200,64.0
0.61,200,62.79
0.62,200,61.559999999999995
0.63,200,60.309999999999995
0.64,200,59.04
0.65,200,57.74999999999999
0.66,200,56.44
0.67,200,55.10999999999999
0.68,200,53.75999999999999
0.6900000000000001,200,52.38999999999999
0.7000000000000001,200,50.99999999999999
0.71,200,49.59
0.72,200,48.160000000000004
0.73,200,46.71000000000001
0.74,200,45.24
0.75,200,43.75
0.76,200,42.24
0.77,200,40.71
0.78,200,39.16
0.79,200,37.58999999999999
0.8,200,35.999999999999986
0.81,200,34.389999999999986
0.8200000000000001,200,32.75999999999999
0.8300000000000001,200,31.11
0.84,200,29.440000000000012
0.85,200,27.750000000000014
0.86,200,26.040000000000006
0.87,200,24.310000000000002
0.88,200,22.560000000000002
0.89,200,20.789999999999992
0.9,200,19.0
0.91,200,17.189999999999998
0.92,200,15.36
0.93,200,13.509999999999991
0.9400000000000001,200,11.639999999999986
0.9500000000000001,200,9.749999999999986
0.96,200,7.840000000000003
0.97,200,5.910000000000011
0.98,200,3.960000000000008
0.99,200,1.990000000000009
0.0,250,100.0
0.01,250,100.2375
0.02,250,100.45
0.03,250,100.6375
0.04,250,100.8
0.05,250,100.9375
0.06,250,101.05
0.07,250,101.1375
0.08,250,101.2
0.09,250,101.2375
0.1,250,101.25
0.11,250,101.2375
0.12,250,101.2
0.13,250,101.1375
0.14,250,101.05
0.15,250,100.9375
0.16,250,100.8
0.17,250,100.6375
0.18,250,100.45
0.19,250,100.2375
0.2,250,100.0
0.21,250,99.7375
0.22,250,99.45
0.23,250,99.1375
0.24,250,98.8
0.25,250,98.4375
0.26,250,98.05
0.27,250,97.6375
0.28,250,97.2
0.29,250,96.7375
0.3,250,96.25
0.31,250,95.7375
0.32,250,95.2
0.33,250,94.6375
0.34,250,94.05
0.35000000000000003,250,93.4375
0.36,250,92.8
0.37,250,92.1375
0.38,250,91.45
0.39,250,90.7375
0.4,250,90.0
0.41000000000000003,250,89.2375
0.42,250,88.45
0.43,250,87.6375
0.44,250,86.8
0.45,250,85.9375
0.46,250,85.05
0.47000000000000003,250,84.13749999999999
0.48,250,83.2
0.49,250,82.23750000000001
0.5,250,81.25
0.51,250,80.2375
0.52,250,79.19999999999999
0.53,250,78.13749999999999
0.54,250,77.05
0.55,250,75.9375
0.56,250,74.8
0.5700000000000001,250,73.63749999999999
0.58,250,72.45
0.59,250,71.23750000000001
0.6,250,70.0
0.61,250,68.73750000000001
0.62,250,67.44999999999999
0.63,250,66.13749999999999
0.64,250,64.8
0.65,250,63.43749999999999
0.66,250,62.05
0.67,250,60.63749999999999
0.68,250,59.19999999999999
0.6900000000000001,250,57.73749999999999
0.7000000000000001,250,56.249999999999986
0.71,250,54.737500000000004
0.72,250,53.2
0.73,250,51.6375
0.74,250,50.05
0.75,250,48.4375
0.76,250,46.8
0.77,250,45.1375
0.78,250,43.44999999999999
0.79,250,41.73749999999998
0.8,250,39.999999999999986
0.81,250,38.23749999999998
0.8200000000000001,250,36.44999999999999
0.8300000000000001,250,34.63749999999999
0.84,250,32.80000000000001
0.85,250,30.937500000000014
0.86,250,29.05000000000001
0.87,250,27.137500000000003
0.88,250,25.200000000000003
0.89,250,23.237499999999997
0.9,250,21.25
0.91,250,19.237499999999997
0.92,250,17.19999999999999
0.93,250,15.137499999999989
0.9400000000000001,250,13.049999999999983
0.9500000000000001,250,10.937499999999986
0.96,250,8.799999999999997
0.97,250,6.637500000000003
0.98,250,4.450000000000017
0.99,250,2.237499999999997
0.0,300,100.0
0.01,300,100.485
0.02,300,100.94
0.03,300,101.365
0.04,300,101.76
0.05,300,102.125
0.06,300,102.46
0.07,300,102.765
0.08,300,103.04
0.09,300,103.285
0.1,300,103.5
0.11,300,103.685
0.12,300,103.84
0.13,300,103.965
0.14,300,104.06
0.15,300,104.125
0.16,300,104.16
0.17,300,104.16499999999999
0.18,300,104.14
0.19,300,104.085
0.2,300,104.0
0.21,300,103.885
0.22,300,103.74
0.23,300,103.565
0.24,300,103.36
0.25,300,103.125
0.26,300,102.86
0.27,300,102.565
0.28,300,102.24
0.29,300,101.885
0.3,300,101.5
0.31,300,101.085
0.32,300,100.64
0.33,300,100.16499999999999
0.34,300,99.66
0.35000000000000003,300,99.125
0.36,300,98.56
0.37,300,97.965
0.38,300,97.34
0.39,300,96.685
0.4,300,96.0
0.41000000000000003,300,95.285
0.42,300,94.54
0.43,300,93.765
0.44,300,92.96000000000001
0.45,300,92.125
0.46,300,91.25999999999999
0.47000000000000003,300,90.365
0.48,300,89.44
0.49,300,88.485
0.5,300,87.5
0.51,300,86.485
0.52,300,85.44
0.53,300,84.365
0.54,300,83.25999999999999
0.55,300,82.125
0.56,300,80.96
0.5700000000000001,300,79.76499999999999
0.58,300,78.54
0.59,300,77.285
0.6,300,76.0
0.61,300,74.685
0.62,300,73.34
0.63,300,71.965
0.64,300,70.56
0.65,300,69.125
0.66,300,67.66
0.67,300,66.16499999999999
0.68,300,64.63999999999999
0.6900000000000001,300,63.084999999999994
0.7000000000000001,300,61.499999999999986
0.71,300,59.885000000000005
0.72,300,58.24000000000001
0.73,300,56.56500000000001
0.74,300,54.86
0.75,300,53.125
0.76,300,51.36
0.77,300,49.565
0.78,300,47.739999999999995
0.79,300,45.88499999999999
0.8,300,43.999999999999986
0.81,300,42.08499999999998
0.8200000000000001,300,40.139999999999986
0.8300000000000001,300,38.16499999999999
0.84,300,36.16000000000001
0.85,300,34.125000000000014
0.86,300,32.06000000000002
0.87,300,29.965000000000003
0.88,300,27.840000000000003
0.89,300,25.685000000000002
0.9,300,23.499999999999986
0.91,300,21.284999999999997
0.92,300,19.039999999999992
0.93,300,16.764999999999986
0.9400000000000001,300,14.45999999999998
0.9500000000000001,300,12.125
0.96,300,9.759999999999991
0.97,300,7.365000000000009
0.98,300,4.939999999999998
0.99,300,2.4850000000000136
0.0,350,100.0
0.01,350,100.7325
0.02,350,101.43
0.03,350,102.0925
0.04,350,102.72
0.05,350,103.3125
0.06,350,103.87
0.07,350,104.3925
0.08,350,104.88
0.09,350,105.3325
0.1,350,105.75
0.11,350,106.1325
0.12,350,106.48
0.13,350,106.7925
0.14,350,107.07000000000001
0.15,350,107.3125
0.16,350,107.52
0.17,350,107.6925
0.18,350,107.83
0.19,350,107.9325
0.2,350,108.0
0.21,350,108.0325
0.22,350,108.03
0.23,350,107.9925
0.24,350,107.92
0.25,350,107.8125
0.26,350,107.67
0.27,350,107.4925
0.28,350,107.28
0.29,350,107.0325
0.3,350,106.75
0.31,350,106.4325
0.32,350,106.08
0.33,350,105.6925
0.34,350,105.27
0.35000000000000003,350,104.8125
0.36,350,104.32
0.37,350,103.7925
0.38,350,103.23
0.39,350,102.6325
0.4,350,102.0
0.41000000000000003,350,101.3325
0.42,350,100.63000000000001
0.43,350,99.89250000000001
0.44,350,99.12
0.45,350,98.3125
0.46,350,97.47
0.47000000000000003,350,96.5925
0.48,350,95.68
0.49,350,94.7325
0.5,350,93.75
0.51,350,92.7325
0.52,350,91.67999999999999
0.53,350,90.5925
0.54,350,89.47
0.55,350,88.3125
0.56,350,87.12
0.5700000000000001,350,85.89249999999998
0.58,350,84.63
0.59,350,83.33250000000001
0.6,350,82.0
0.61,350,80.63250000000001
0.62,350,79.22999999999999
0.63,350,77.79249999999999
0.64,350,76.32
0.65,350,74.81249999999999
0.66,350,73.27
0.67,350,71.69249999999998
0.68,350,70.07999999999998
0.6900000000000001,350,68.4325
0.7000000000000001,350,66.75
0.71,350,65.0325
0.72,350,63.28
0.73,350,61.49250000000001
0.74,350,59.67
0.75,350,57.8125
0.76,350,55.92
0.77,350,53.99250000000001
0.78,350,52.02999999999999
0.79,350,50.032499999999985
0.8,350,47.99999999999997
0.81,350,45.93249999999998
0.8200000000000001,350,43.82999999999999
0.8300000000000001,350,41.69249999999999
0.84,350,39.520000000000024
0.85,350,37.312500000000014
0.86,350,35.07000000000002
0.87,350,32.79249999999999
0.88,350,30.480000000000018
0.89,350,28.132499999999993
0.9,350,25.75
0.91,350,23.332499999999982
0.92,350,20.879999999999995
0.93,350,18.392499999999984
0.9400000000000001,350,15.869999999999976
0.9500000000000001,350,13.3125
0.96,350,10.719999999999999
0.97,350,8.092500000000001
0.98,350,5.430000000000007
0.99,350,2.732500000000016
0.0,400,100.0
0.01,400,100.98
0.02,400,101.92
0.03,400,102.82
0.04,400,103.68
0.05,400,104.5
0.06,400,105.28
0.07,400,106.02
0.08,400,106.72
0.09,400,107.38
0.1,400,108.0
0.11,400,108.58
0.12,400,109.12
0.13,400,109.62
0.14,400,110.08
0.15,400,110.5
0.16,400,110.88
0.17,400,111.22
0.18,400,111.52
0.19,400,111.78
0.2,400,112.0
0.21,400,112.18
0.22,400,112.32
0.23,400,112.42
0.24,400,112.48
0.25,400,112.5
0.26,400,112.48
0.27,400,112.42
0.28,400,112.32000000000001
0.29,400,112.17999999999999
0.3,400,112.0
0.31,400,111.78
0.32,400,111.52
0.33,400,111.22
0.34,400,110.88
0.35000000000000003,400,110.5
0.36,400,110.08
0.37,400,109.62
0.38,400,109.12
0.39,400,108.58
0.4,400,108.0
0.41000000000000003,400,107.38
0.42,400,106.72
0.43,400,106.02000000000001
0.44,400,105.28
0.45,400,104.5
0.46,400,103.68
0.47000000000000003,400,102.82
0.48,400,101.92
0.49,400,100.98
0.5,400,100.0
0.51,400,98.98
0.52,400,97.91999999999999
0.53,400,96.82
0.54,400,95.67999999999999
0.55,400,94.5
0.56,400,93.28
0.5700000000000001,400,92.01999999999998
0.58,400,90.72
0.59,400,89.38000000000001
0.6,400,88.0
0.61,400,86.58
0.62,400,85.11999999999999
0.63,400,83.61999999999999
0.64,400,82.08
0.65,400,80.49999999999999
0.66,400,78.88
0.67,400,77.21999999999998
0.68,400,75.51999999999998
0.6900000000000001,400,73.77999999999999
0.7000000000000001,400,71.99999999999999
0.71,400,70.18
0.72,400,68.32000000000001
0.73,400,66.42000000000002
0.74,400,64.48
0.75,400,62.5
0.76,400,60.480000000000004
0.77,400,58.42
0.78,400,56.31999999999999
0.79,400,54.17999999999998
0.8,400,51.99999999999997
0.81,400,49.77999999999997
0.8200000000000001,400,47.51999999999998
0.8300000000000001,400,45.22
0.84,400,42.880000000000024
0.85,400,40.50000000000003
0.86,400,38.08000000000001
0.87,400,35.620000000000005
0.88,400,33.120000000000005
0.89,400,30.579999999999984
0.9,400,28.0
0.91,400,25.379999999999995
0.92,400,22.72
0.93,400,20.019999999999982
0.9400000000000001,400,17.279999999999973
0.9500000000000001,400,14.499999999999972
0.96,400,11.680000000000007
0.97,400,8.820000000000022
0.98,400,5.920000000000016
0.99,400,2.980000000000018
0.0,450,100.0
0.01,450,101.2275
0.02,450,102.41
0.03,450,103.5475
0.04,450,104.64
0.05,450,105.6875
0.06,450,106.69
0.07,450,107.6475
0.08,450,108.56
0.09,450,109.4275
0.1,450,110.25
0.11,450,111.0275
0.12,450,111.76
0.13,450,112.4475
0.14,450,113.09
0.15,450,113.6875
0.16,450,114.24
0.17,450,114.7475
0.18,450,115.21000000000001
0.19,450,115.6275
0.2,450,116.0
0.21,450,116.3275
0.22,450,116.61
0.23,450,116.8475
0.24,450,117.03999999999999
0.25,450,117.1875
0.26,450,117.28999999999999
0.27,450,117.3475
0.28,450,117.36
0.29,450,117.3275
0.3,450,117.25
0.31,450,117.1275
0.32,450,116.96
0.33,450,116.7475
0.34,450,116.49
0.35000000000000003,450,116.1875
0.36,450,115.84
0.37,450,115.4475
0.38,450,115.00999999999999
0.39,450,114.5275
0.4,450,114.0
0.41000000000000003,450,113.42750000000001
0.42,450,112.81
0.43,450,112.14750000000001
0.44,450,111.44
0.45,450,110.6875
0.46,450,109.89
0.47000000000000003,450,109.0475
0.48,450,108.16
0.49,450,107.2275
0.5,450,106.25
0.51,450,105.22749999999999
0.52,450,104.16
0.53,450,103.04749999999999
0.54,450,101.89
0.55,450,100.68749999999999
0.56,450,99.43999999999998
0.5700000000000001,450,98.1475
0.58,450,96.81
0.59,450,95.42750000000001
0.6,450,94.0
0.61,450,92.5275
0.62,450,91.00999999999999
0.63,450,89.44749999999999
0.64,450,87.83999999999999
0.65,450,86.18749999999999
0.66,450,84.49
0.67,450,82.74749999999999
0.68,450,80.95999999999998
0.6900000000000001,450,79.1275
0.7000000000000001,450,77.24999999999999
0.71,450,75.3275
0.72,450,73.36
0.73,450,71.34750000000001
0.74,450,69.29
0.75,450,67.1875
0.76,450,65.03999999999999
0.77,450,62.8475
0.78,450,60.609999999999985
0.79,450,58.327499999999986
0.8,450,55.99999999999997
0.81,450,53.62749999999997
0.8200000000000001,450,51.209999999999994
0.8300000000000001,450,48.74749999999999
0.84,450,46.24000000000004
0.85,450,43.68750000000003
0.86,450,41.09
0.87,450,38.44749999999999
0.88,450,35.75999999999999
0.89,450,33.0275
0.9,450,30.25
0.91,450,27.42749999999998
0.92,450,24.560000000000002
0.93,450,21.64749999999998
0.9400000000000001,450,18.689999999999984
0.9500000000000001,450,15.687499999999986
0.96,450,12.640000000000015
0.97,450,9.547500000000014
0.98,450,6.410000000000025
0.99,450,3.2275000000000205
0.0,500,100.0
0.01,500,101.475
0.02,500,102.9
0.03,500,104.275
0.04,500,105.6
0.05,500,106.875
0.06,500,108.1
0.07,500,109.275
0.08,500,110.4
0.09,500,111.475
0.1,500,112.5
0.11,500,113.475
0.12,500,114.4
0.13,500,115.275
0.14,500,116.1
0.15,500,116.875
0.16,500,117.6
0.17,500,118.275
0.18,500,118.9
0.19,500,119.475
0.2,500,120.0
0.21,500,120.475
0.22,500,120.9
0.23,500,121.275
0.24,500,121.6
0.25,500,121.875
0.26,500,122.1
0.27,500,122.275
0.28,500,122.4
0.29,500,122.475
0.3,500,122.5
0.31,500,122.475
0.32,500,122.4
0.33,500,122.275
0.34,500,122.1
0.35000000000000003,500,121.875
0.36,500,121.6
0.37,500,121.275
0.38,500,120.9
0.39,500,120.475
0.4,500,120.0
0.41000000000000003,500,119.475
0.42,500,118.9
0.43,500,118.275
0.44,500,117.6
0.45,500,116.875
0.46,500,116.1
0.47000000000000003,500,115.27499999999999
0.48,500,114.4
0.49,500,113.47500000000001
0.5,500,112.5
0.51,500,111.475
0.52,500,110.39999999999999
0.53,500,109.27499999999999
0.54,500,108.1
0.55,500,106.87499999999999
0.56,500,105.60000000000001
0.5700000000000001,500,104.27499999999999
0.58,500,102.9
0.59,500,101.47500000000001
0.6,500,100.0
0.61,500,98.47500000000001
0.62,500,96.89999999999999
0.63,500,95.27499999999999
0.64,500,93.6
0.65,500,91.87499999999999
0.66,500,90.1
0.67,500,88.27499999999998
0.68,500,86.39999999999999
0.6900000000000001,500,84.475
0.7000000000000001,500,82.49999999999999
0.71,500,80.47500000000001
0.72,500,78.4
0.73,500,76.275
0.74,500,74.1
0.75,500,71.875
0.76,500,69.6
0.77,500,67.275
0.78,500,64.89999999999998
0.79,500,62.474999999999966
0.8,500,59.99999999999997
0.81,500,57.47499999999998
0.8200000000000001,500,54.89999999999999
0.8300000000000001,500,52.27499999999999
0.84,500,49.60000000000002
0.85,500,46.87500000000003
0.86,500,44.10000000000002
0.87,500,41.275000000000006
0.88,500,38.400000000000006
0.89,500,35.474999999999994
0.9,500,32.5
0.91,500,29.474999999999994
0.92,500,26.399999999999977
0.93,500,23.274999999999977
0.9400000000000001,500,20.099999999999966
0.9500000000000001,500,16.87499999999997
0.96,500,13.599999999999994
0.97,500,10.275000000000006
0.98,500,6.900000000000034
0.99,500,3.4749999999999943
0.0,550,100.0
0.01,550,101.7225
0.02,550,103.39
0.03,550,105.0025
0.04,550,106.56
0.05,550,108.0625
0.06,550,109.51
0.07,550,110.9025
0.08,550,112.24
0.09,550,113.52250000000001
0.1,550,114.75
0.11,550,115.9225
0.12,550,117.03999999999999
0.13,550,118.10249999999999
0.14,550,119.11
0.15,550,120.0625
0.16,550,120.96000000000001
0.17,550,121.80250000000001
0.18,550,122.59
0.19,550,123.32249999999999
0.2,550,124.0
0.21,550,124.6225
0.22,550,125.19
0.23,550,125.7025
0.24,550,126.16
0.25,550,126.5625
0.26,550,126.91
0.27,550,127.2025
0.28,550,127.44
0.29,550,127.6225
0.3,550,127.75
0.31,550,127.82249999999999
0.32,550,127.84
0.33,550,127.8025
0.34,550,127.71000000000001
0.35000000000000003,550,127.5625
0.36,550,127.36
0.37,550,127.10249999999999
0.38,550,126.78999999999999
0.39,550,126.4225
0.4,550,126.0
0.41000000000000003,550,125.5225
0.42,550,124.99000000000001
0.43,550,124.4025
0.44,550,123.76
0.45,550,123.0625
0.46,550,122.31
0.47000000000000003,550,121.5025
0.48,550,120.64
0.49,550,119.72250000000001
0.5,550,118.75
0.51,550,117.7225
0.52,550,116.63999999999999
0.53,550,115.50249999999998
0.54,550,114.30999999999999
0.55,550,113.0625
0.56,550,111.76
0.5700000000000001,550,110.40249999999999
0.58,550,108.99000000000001
0.59,550,107.52250000000001
0.6,550,106.0
0.61,550,104.4225
0.62,550,102.78999999999999
0.63,550,101.10249999999999
0.64,550,99.36
0.65,550,97.56249999999999
0.66,550,95.71
0.67,550,93.80249999999998
0.68,550,91.83999999999999
0.6900000000000001,550,89.8225
0.7000000000000001,550,87.74999999999999
0.71,550,85.6225
0.72,550,83.44
0.73,550,81.20250000000001
0.74,550,78.91
0.75,550,76.5625
0.76,550,74.16
0.77,550,71.70250000000001
0.78,550,69.19
0.79,550,66.62249999999997
0.8,550,63.99999999999997
0.81,550,61.32249999999996
0.8200000000000001,550,58.589999999999975
0.8300000000000001,550,55.80249999999998
0.84,550,52.960000000000036
0.85,550,50.06250000000003
0.86,550,47.110000000000014
0.87,550,44.10249999999999
0.88,550,41.04000000000002
0.89,550,37.922499999999985
0.9,550,34.74999999999997
0.91,550,31.52249999999998
0.92,550,28.23999999999998
0.93,550,24.902499999999975
0.9400000000000001,550,21.509999999999962
0.9500000000000001,550,18.06249999999997
0.96,550,14.560000000000002
0.97,550,11.002499999999998
0.98,550,7.390000000000043
0.99,550,3.722500000000025
0.0,600,100.0
0.01,600,101.97
0.02,600,103.88
0.03,600,105.73
0.04,600,107.52
0.05,600,109.25
0.06,600,110.92
0.07,600,112.53
0.08,600,114.08
0.09,600,115.57
0.1,600,117.0
0.11,600,118.37
0.12,600,119.68
0.13,600,120.93
0.14,600,122.12
0.15,600,123.25
0.16,600,124.32
0.17,600,125.33
0.18,600,126.28
0.19,600,127.17
0.2,600,128.0
0.21,600,128.77
0.22,600,129.48
0.23,600,130.13
0.24,600,130.72
0.25,600,131.25
0.26,600,131.72
0.27,600,132.13
0.28,600,132.48000000000002
0.29,600,132.76999999999998
0.3,600,133.0
0.31,600,133.17000000000002
0.32,600,133.28
0.33,600,133.32999999999998
0.34,600,133.32
0.35000000000000003,600,133.25
0.36,600,133.12
0.37,600,132.93
0.38,600,132.68
0.39,600,132.37
0.4,600,132.0
0.41000000000000003,600,131.57
0.42,600,131.08
0.43,600,130.53
0.44,600,129.92000000000002
0.45,600,129.25
0.46,600,128.51999999999998
0.47000000000000003,600,127.72999999999999
0.48,600,126.88
0.49,600,125.97
0.5,600,125.0
0.51,600,123.97
0.52,600,122.88
0.53,600,121.72999999999999
0.54,600,120.52
0.55,600,119.25
0.56,600,117.92
0.5700000000000001,600,116.52999999999999
0.58,600,115.08
0.59,600,113.57000000000001
0.6,600,112.0
0.61,600,110.37
0.62,600,108.67999999999999
0.63,600,106.92999999999999
0.64,600,105.11999999999999
0.65,600,103.24999999999999
0.66,600,101.32
0.67,600,99.32999999999998
0.68,600,97.27999999999997
0.6900000000000001,600,95.16999999999999
0.7000000000000001,600,92.99999999999997
0.71,600,90.77000000000001
0.72,600,88.48000000000002
0.73,600,86.13000000000002
0.74,600,83.72
0.75,600,81.25
0.76,600,78.72
0.77,600,76.13
0.78,600,73.47999999999999
0.79,600,70.76999999999998
0.8,600,67.99999999999997
0.81,600,65.16999999999996
0.8200000000000001,600,62.27999999999997
0.8300000000000001,600,59.329999999999984
0.84,600,56.32000000000002
0.85,600,53.25000000000003
0.86,600,50.12000000000003
0.87,600,46.93000000000001
0.88,600,43.68000000000001
0.89,600,40.370000000000005
0.9,600,36.99999999999997
0.91,600,33.56999999999999
0.92,600,30.079999999999984
0.93,600,26.529999999999973
0.9400000000000001,600,22.91999999999996
0.9500000000000001,600,19.25
0.96,600,15.519999999999982
0.97,600,11.730000000000018
0.98,600,7.8799999999999955
0.99,600,3.9700000000000273
0.0,650,100.0
0.01,650,102.2175
0.02,650,104.37
0.03,650,106.4575
0.04,650,108.48
0.05,650,110.4375
0.06,650,112.33
0.07,650,114.1575
0.08,650,115.92
0.09,650,117.6175
0.1,650,119.25
0.11,650,120.8175
0.12,650,122.32
0.13,650,123.7575
0.14,650,125.13
0.15,650,126.4375
0.16,650,127.68
0.17,650,128.8575
0.18,650,129.97
0.19,650,131.01749999999998
0.2,650,132.0
0.21,650,132.91750000000002
0.22,650,133.76999999999998
0.23,650,134.5575
0.24,650,135.28
0.25,650,135.9375
0.26,650,136.53
0.27,650,137.0575
0.28,650,137.52
0.29,650,137.91750000000002
0.3,650,138.25
0.31,650,138.51749999999998
0.32,650,138.72
0.33,650,138.8575
0.34,650,138.93
0.35000000000000003,650,138.9375
0.36,650,138.88
0.37,650,138.7575
0.38,650,138.57
0.39,650,138.3175
0.4,650,138.0
0.41000000000000003,650,137.6175
0.42,650,137.17000000000002
0.43,650,136.6575
0.44,650,136.07999999999998
0.45,650,135.4375
0.46,650,134.73
0.47000000000000003,650,133.95749999999998
0.48,650,133.12
0.49,650,132.2175
0.5,650,131.25
0.51,650,130.2175
0.52,650,129.12
0.53,650,127.95749999999998
0.54,650,126.73
0.55,650,125.4375
0.56,650,124.08
0.5700000000000001,650,122.65749999999997
0.58,650,121.17
0.59,650,119.6175
0.6,650,118.0
0.61,650,116.31750000000001
0.62,650,114.57
0.63,650,112.7575
0.64,650,110.88
0.65,650,108.9375
0.66,650,106.92999999999998
0.67,650,104.85749999999999
0.68,650,102.71999999999997
0.6900000000000001,650,100.51749999999998
0.7000000000000001,650,98.25
0.71,650,95.91749999999999
0.72,650,93.52000000000001
0.73,650,91.05750000000003
0.74,650,88.53
0.75,650,85.9375
0.76,650,83.28
0.77,650,80.5575
0.78,650,77.76999999999998
0.79,650,74.91749999999996
0.8,650,71.99999999999997
0.81,650,69.01749999999996
0.8200000000000001,650,65.96999999999997
0.8300000000000001,650,62.857500000000016
0.84,650,59.680000000000035
0.85,650,56.43750000000003
0.86,650,53.130000000000024
0.87,650,49.75749999999999
0.88,650,46.31999999999999
0.89,650,42.817499999999995
0.9,650,39.25
0.91,650,35.61750000000001
0.92,650,31.91999999999996
0.93,650,28.15749999999997
0.9400000000000001,650,24.329999999999927
0.9500000000000001,650,20.43750000000003
0.96,650,16.480000000000018
0.97,650,12.457500000000039
0.98,650,8.370000000000005
0.99,650,4.21750000000003
0.0,700,100.0
0.01,700,102.465
0.02,700,104.86
0.03,700,107.185
0.04,700,109.44
0.05,700,111.625
0.06,700,113.74
0.07,700,115.785
0.08,700,117.75999999999999
0.09,700,119.66499999999999
0.1,700,121.5
0.11,700,123.265
0.12,700,124.96000000000001
0.13,700,126.58500000000001
0.14,700,128.14
0.15,700,129.625
0.16,700,131.04
0.17,700,132.385
0.18,700,133.66
0.19,700,134.865
0.2,700,136.0
0.21,700,137.065
0.22,700,138.06
0.23,700,138.985
0.24,700,139.84
0.25,700,140.625
0.26,700,141.34
0.27,700,141.985
0.28,700,142.56
0.29,700,143.065
0.3,700,143.5
0.31,700,143.865
0.32,700,144.16
0.33,700,144.385
0.34,700,144.54
0.35000000000000003,700,144.625
0.36,700,144.64
0.37,700,144.585
0.38,700,144.46
0.39,700,144.265
0.4,700,144.0
0.41000000000000003,700,143.66500000000002
0.42,700,143.26000000000002
0.43,700,142.78500000000003
0.44,700,142.24
0.45,700,141.625
0.46,700,140.94
0.47000000000000003,700,140.185
0.48,700,139.36
0.49,700,138.465
0.5,700,137.5
0.51,700,136.465
0.52,700,135.35999999999999
0.53,700,134.185
0.54,700,132.94
0.55,700,131.625
0.56,700,130.23999999999998
0.5700000000000001,700,128.785
0.58,700,127.26
0.59,700,125.665
0.6,700,124.0
0.61,700,122.26500000000001
0.62,700,120.45999999999998
0.63,700,118.58499999999998
0.64,700,116.63999999999999
0.65,700,114.62499999999997
0.66,700,112.53999999999999
0.67,700,110.38499999999996
0.68,700,108.15999999999997
0.6900000000000001,700,105.86500000000001
0.7000000000000001,700,103.5
0.71,700,101.065
0.72,700,98.56
0.73,700,95.98500000000001
0.74,700,93.34
0.75,700,90.625
0.76,700,87.84
0.77,700,84.98500000000001
0.78,700,82.05999999999997
0.79,700,79.06499999999997
0.8,700,75.99999999999994
0.81,700,72.86499999999995
0.8200000000000001,700,69.66
0.8300000000000001,700,66.38499999999999
0.84,700,63.04000000000005
0.85,700,59.62500000000003
0.86,700,56.14000000000004
0.87,700,52.58499999999998
0.88,700,48.960000000000036
0.89,700,45.264999999999986
0.9,700,41.5
0.91,700,37.664999999999964
0.92,700,33.75999999999999
0.93,700,29.784999999999968
0.9400000000000001,700,25.73999999999998
0.9500000000000001,700,21.62500000000003
0.96,700,17.439999999999998
0.97,700,13.185000000000002
0.98,700,8.860000000000014
0.99,700,4.465000000000032
0.0,750,100.0
0.01,750,102.7125
0.02,750,105.35
0.03,750,107.9125
0.04,750,110.4
0.05,750,112.8125
0.06,750,115.15
0.07,750,117.4125
0.08,750,119.6
0.09,750,121.7125
0.1,750,123.75
0.11,750,125.7125
0.12,750,127.6
0.13,750,129.4125
0.14,750,131.15
0.15,750,132.8125
0.16,750,134.4
0.17,750,135.9125
0.18,750,137.35
0.19,750,138.7125
0.2,750,140.0
0.21,750,141.2125
0.22,750,142.35
0.23,750,143.4125
0.24,750,144.4
0.25,750,145.3125
0.26,750,146.15
0.27,750,146.9125
0.28,750,147.60000000000002
0.29,750,148.2125
0.3,750,148.75
0.31,750,149.2125
0.32,750,149.6
0.33,750,149.9125
0.34,750,150.14999999999998
0.35000000000000003,750,150.3125
0.36,750,150.4
0.37,750,150.4125
0.38,750,150.35
0.39,750,150.2125
0.4,750,150.0
0.41000000000000003,750,149.7125
0.42,750,149.35000000000002
0.43,750,148.91250000000002
0.44,750,148.4
0.45,750,147.8125
0.46,750,147.14999999999998
0.47000000000000003,750,146.41249999999997
0.48,750,145.60000000000002
0.49,750,144.7125
0.5,750,143.75
0.51,750,142.7125
0.52,750,141.6
0.53,750,140.41249999999997
0.54,750,139.14999999999998
0.55,750,137.8125
0.56,750,136.4
0.5700000000000001,750,134.9125
0.58,750,133.35000000000002
0.59,750,131.7125
0.6,750,130.0
0.61,750,128.2125
0.62,750,126.35
0.63,750,124.4125
0.64,750,122.4
0.65,750,120.31249999999997
0.66,750,118.14999999999998
0.67,750,115.91249999999997
0.68,750,113.59999999999997
0.6900000000000001,750,111.2125
0.7000000000000001,750,108.75
0.71,750,106.2125
0.72,750,103.60000000000002
0.73,750,100.91250000000002
0.74,750,98.15
0.75,750,95.3125
0.76,750,92.4
0.77,750,89.4125
0.78,750,86.35
0.79,750,83.21249999999995
0.8,750,79.99999999999994
0.81,750,76.71249999999998
0.8200000000000001,750,73.35
0.8300000000000001,750,69.9125
0.84,750,66.40000000000003
0.85,750,62.81250000000006
0.86,750,59.150000000000034
0.87,750,55.412499999999966
0.88,750,51.60000000000002
0.89,750,47.71249999999998
0.9,750,43.75
0.91,750,39.71249999999998
0.92,750,35.599999999999966
0.93,750,31.412499999999966
0.9400000000000001,750,27.14999999999992
0.9500000000000001,750,22.812499999999943
0.96,750,18.400000000000034
0.97,750,13.912500000000023
0.98,750,9.350000000000023
0.99,750,4.712500000000034
0.0,800,100.0
0.01,800,102.96
0.02,800,105.84
0.03,800,108.64
0.04,800,111.36
0.05,800,114.0
0.06,800,116.56
0.07,800,119.04
0.08,800,121.44
0.09,800,123.76
0.1,800,126.0
0.11,800,128.16
0.12,800,130.24
0.13,800,132.24
0.14,800,134.16
0.15,800,136.0
0.16,800,137.76
0.17,800,139.44
0.18,800,141.04
0.19,800,142.56
0.2,800,144.0
0.21,800,145.36
0.22,800,146.64
0.23,800,147.84
0.24,800,148.96
0.25,800,150.0
0.26,800,150.95999999999998
0.27,800,151.84
0.28,800,152.64000000000001
0.29,800,153.36
0.3,800,154.0
0.31,800,154.56
0.32,800,155.04
0.33,800,155.44
0.34,800,155.76
0.35000000000000003,800,156.0
0.36,800,156.16
0.37,800,156.24
0.38,800,156.24
0.39,800,156.16
0.4,800,156.0
0.41000000000000003,800,155.76
0.42,800,155.44
0.43,800,155.04000000000002
0.44,800,154.56
0.45,800,154.0
0.46,800,153.36
0.47000000000000003,800,152.64
0.48,800,151.84
0.49,800,150.96
0.5,800,150.0
0.51,800,148.96
0.52,800,147.83999999999997
0.53,800,146.64
0.54,800,145.35999999999999
0.55,800,144.0
0.56,800,142.56
0.5700000000000001,800,141.04
0.58,800,139.44
0.59,800,137.76000000000002
0.6,800,136.0
0.61,800,134.16
0.62,800,132.23999999999998
0.63,800,130.23999999999998
0.64,800,128.16
0.65,800,125.99999999999997
0.66,800,123.75999999999999
0.67,800,121.43999999999997
0.68,800,119.03999999999999
0.6900000000000001,800,116.56
0.7000000000000001,800,114.0
0.71,800,111.36000000000001
0.72,800,108.64000000000001
0.73,800,105.84000000000003
0.74,800,102.96000000000001
0.75,800,100.0
0.76,800,96.96000000000001
0.77,800,93.84
0.78,800,90.63999999999999
0.79,800,87.35999999999996
0.8,800,83.99999999999994
0.81,800,80.55999999999997
0.8200000000000001,800,77.03999999999999
0.8300000000000001,800,73.44000000000003
0.84,800,69.76000000000005
0.85,800,66.00000000000006
0.86,800,62.160000000000025
0.87,800,58.24000000000001
0.88,800,54.24000000000001
0.89,800,50.15999999999997
0.9,800,46.0
0.91,800,41.75999999999999
0.92,800,37.44
0.93,800,33.039999999999964
0.9400000000000001,800,28.559999999999945
0.9500000000000001,800,23.999999999999943
0.96,800,19.360000000000014
0.97,800,14.640000000000043
0.98,800,9.840000000000032
0.99,800,4.960000000000036
0.0,850,100.0
0.01,850,103.2075
0.02,850,106.33
0.03,850,109.3675
0.04,850,112.32
0.05,850,115.1875
0.06,850,117.97
0.07,850,120.6675
0.08,850,123.28
0.09,850,125.8075
0.1,850,128.25
0.11,850,130.60750000000002
0.12,850,132.88
0.13,850,135.0675
0.14,850,137.17000000000002
0.15,850,139.1875
0.16,850,141.12
0.17,850,142.9675
0.18,850,144.73000000000002
0.19,850,146.4075
0.2,850,148.0
0.21,850,149.5075
0.22,850,150.93
0.23,850,152.26749999999998
0.24,850,153.51999999999998
0.25,850,154.6875
0.26,850,155.76999999999998
0.27,850,156.76749999999998
0.28,850,157.68
0.29,850,158.5075
0.3,850,159.25
0.31,850,159.9075
0.32,850,160.48
0.33,850,160.9675
0.34,850,161.37
0.35000000000000003,850,161.6875
0.36,850,161.92000000000002
0.37,850,162.0675
0.38,850,162.13
0.39,850,162.1075
0.4,850,162.0
0.41000000000000003,850,161.8075
0.42,850,161.53000000000003
0.43,850,161.16750000000002
0.44,850,160.72
0.45,850,160.1875
0.46,850,159.57
0.47000000000000003,850,158.86749999999998
0.48,850,158.07999999999998
0.49,850,157.2075
0.5,850,156.25
0.51,850,155.20749999999998
0.52,850,154.07999999999998
0.53,850,152.86749999999998
0.54,850,151.57
0.55,850,150.1875
0.56,850,148.72
0.5700000000000001,850,147.1675
0.58,850,145.53
0.59,850,143.8075
0.6,850,142.0
0.61,850,140.10750000000002
0.62,850,138.13
0.63,850,136.0675
0.64,850,133.92
0.65,850,131.68749999999997
0.66,850,129.36999999999998
0.67,850,126.96749999999997
0.68,850,124.47999999999999
0.6900000000000001,850,121.9075
0.7000000000000001,850,119.24999999999997
0.71,850,116.5075
0.72,850,113.68
0.73,850,110.76750000000004
0.74,850,107.77000000000001
0.75,850,104.6875
0.76,850,101.52000000000001
0.77,850,98.26750000000001
0.78,850,94.92999999999995
0.79,850,91.50749999999994
0.8,850,87.99999999999994
0.81,850,84.40749999999997
0.8200000000000001,850,80.72999999999996
0.8300000000000001,850,76.96749999999997
0.84,850,73.12000000000006
0.85,850,69.18750000000006
0.86,850,65.17000000000002
0.87,850,61.067499999999995
0.88,850,56.879999999999995
0.89,850,52.607500000000016
0.9,850,48.25
0.91,850,43.80749999999995
0.92,850,39.27999999999997
0.93,850,34.66749999999996
0.9400000000000001,850,29.969999999999914
0.9500000000000001,850,25.187499999999943
0.96,850,20.319999999999993
0.97,850,15.367500000000007
0.98,850,10.330000000000041
0.99,850,5.207500000000039
0.0,900,100.0
0.01,900,103.455
0.02,900,106.82
0.03,900,110.095
0.04,900,113.28
0.05,900,116.375
0.06,900,119.38
0.07,900,122.295
0.08,900,125.12
0.09,900,127.855
0.1,900,130.5
0.11,900,133.055
0.12,900,135.52
0.13,900,137.89499999999998
0.14,900,140.18
0.15,900,142.375
0.16,900,144.48
0.17,900,146.495
0.18,900,148.42000000000002
0.19,900,150.255
0.2,900,152.0
0.21,900,153.655
0.22,900,155.22
0.23,900,156.695
0.24,900,158.07999999999998
0.25,900,159.375
0.26,900,160.57999999999998
0.27,900,161.695
0.28,900,162.72
0.29,900,163.655
0.3,900,164.5
0.31,900,165.255
0.32,900,165.92
0.33,900,166.495
0.34,900,166.98000000000002
0.35000000000000003,900,167.375
0.36,900,167.68
0.37,900,167.895
0.38,900,168.01999999999998
0.39,900,168.055
0.4,900,168.0
0.41000000000000003,900,167.855
0.42,900,167.62
0.43,900,167.29500000000002
0.44,900,166.88
0.45,900,166.375
0.46,900,165.78
0.47000000000000003,900,165.09499999999997
0.48,900,164.32
0.49,900,163.455
0.5,900,162.5
0.51,900,161.45499999999998
0.52,900,160.32
0.53,900,159.09499999999997
0.54,900,157.78
0.55,900,156.375
0.56,900,154.88
0.5700000000000001,900,153.295
0.58,900,151.62
0.59,900,149.85500000000002
0.6,900,148.0
0.61,900,146.055
0.62,900,144.01999999999998
0.63,900,141.89499999999998
0.64,900,139.67999999999998
0.65,900,137.37499999999997
0.66,900,134.98
0.67,900,132.49499999999998
0.68,900,129.92
0.6900000000000001,900,127.255
0.7000000000000001,900,124.49999999999997
0.71,900,121.655
0.72,900,118.72
0.73,900,115.69500000000002
0.74,900,112.58000000000001
0.75,900,109.375
0.76,900,106.07999999999998
0.77,900,102.695
0.78,900,99.21999999999997
0.79,900,95.65499999999997
0.8,900,91.99999999999994
0.81,900,88.25499999999994
0.8200000000000001,900,84.41999999999996
0.8300000000000001,900,80.49499999999995
0.84,900,76.48000000000008
0.85,900,72.37500000000006
0.86,900,68.18
0.87,900,63.89499999999998
0.88,900,59.51999999999998
0.89,900,55.05500000000001
0.9,900,50.5
0.91,900,45.85499999999996
0.92,900,41.120000000000005
0.93,900,36.29499999999996
0.9400000000000001,900,31.37999999999994
0.9500000000000001,900,26.374999999999943
0.96,900,21.28000000000003
0.97,900,16.095000000000027
0.98,900,10.82000000000005
0.99,900,5.455000000000041
0.0,950,100.0
0.01,950,103.7025
0.02,950,107.31
0.03,950,110.8225
0.04,950,114.24
0.05,950,117.5625
0.06,950,120.78999999999999
0.07,950,123.9225
0.08,950,126.96000000000001
0.09,950,129.9025
0.1,950,132.75
0.11,950,135.5025
0.12,950,138.16
0.13,950,140.7225
0.14,950,143.19
0.15,950,145.5625
0.16,950,147.84
0.17,950,150.0225
0.18,950,152.11
0.19,950,154.1025
0.2,950,156.0
0.21,950,157.8025
0.22,950,159.51
0.23,950,161.1225
0.24,950,162.64
0.25,950,164.0625
0.26,950,165.39
0.27,950,166.6225
0.28,950,167.76000000000002
0.29,950,168.80249999999998
0.3,950,169.75
0.31,950,170.6025
0.32,950,171.36
0.33,950,172.02249999999998
0.34,950,172.59
0.35000000000000003,950,173.0625
0.36,950,173.44
0.37,950,173.7225
0.38,950,173.91
0.39,950,174.0025
0.4,950,174.0
0.41000000000000003,950,173.90249999999997
0.42,950,173.71
0.43,950,173.4225
0.44,950,173.04000000000002
0.45,950,172.5625
0.46,950,171.99
0.47000000000000003,950,171.3225
0.48,950,170.56
0.49,950,169.70250000000001
0.5,950,168.75
0.51,950,167.7025
0.52,950,166.55999999999997
0.53,950,165.3225
0.54,950,163.98999999999998
0.55,950,162.5625
0.56,950,161.04000000000002
0.5700000000000001,950,159.42249999999999
0.58,950,157.70999999999998
0.59,950,155.9025
0.6,950,154.0
0.61,950,152.0025
0.62,950,149.91
0.63,950,147.7225
0.64,950,145.44
0.65,950,143.06249999999997
0.66,950,140.58999999999997
0.67,950,138.02249999999998
0.68,950,135.35999999999999
0.6900000000000001,950,132.60249999999996
0.7000000000000001,950,129.74999999999994
0.71,950,126.80250000000001
0.72,950,123.76000000000002
0.73,950,120.62250000000003
0.74,950,117.38999999999999
0.75,950,114.0625
0.76,950,110.63999999999999
0.77,950,107.1225
0.78,950,103.50999999999999
0.79,950,99.80249999999995
0.8,950,95.99999999999994
0.81,950,92.10249999999996
0.8200000000000001,950,88.10999999999996
0.8300000000000001,950,84.02249999999998
0.84,950,79.84000000000003
0.85,950,75.56250000000006
0.86,950,71.19000000000005
0.87,950,66.72249999999997
0.88,950,62.160000000000025
0.89,950,57.5025
0.9,950,52.75
0.91,950,47.902499999999975
0.92,950,42.95999999999998
0.93,950,37.92249999999996
0.9400000000000001,950,32.78999999999991
0.9500000000000001,950,27.562499999999943
0.96,950,22.24000000000001
0.97,950,16.822500000000048
0.98,950,11.31000000000006
0.99,950,5.702499999999986
0.0,1000,100.0
0.01,1000,103.95
0.02,1000,107.8
0.03,1000,111.55
0.04,1000,115.2
0.05,1000,118.75
0.06,1000,122.2
0.07,1000,125.55000000000001
0.08,1000,128.8
0.09,1000,131.95
0.1,1000,135.0
0.11,1000,137.95
0.12,1000,140.8
0.13,1000,143.55
0.14,1000,146.2
0.15,1000,148.75
0.16,1000,151.2
0.17,1000,153.55
0.18,1000,155.8
0.19,1000,157.95
0.2,1000,160.0
0.21,1000,161.95
0.22,1000,163.8
0.23,1000,165.55
0.24,1000,167.2
0.25,1000,168.75
0.26,1000,170.2
0.27,1000,171.55
0.28,1000,172.8
0.29,1000,173.95
0.3,1000,175.0
0.31,1000,175.95
0.32,1000,176.8
0.33,1000,177.55
0.34,1000,178.2
0.35000000000000003,1000,178.75
0.36,1000,179.2
0.37,1000,179.55
0.38,1000,179.8
0.39,1000,179.95
0.4,1000,180.0
0.41000000000000003,1000,179.95
0.42,1000,179.8
0.43,1000,179.55
0.44,1000,179.2
0.45,1000,178.75
0.46,1000,178.2
0.47000000000000003,1000,177.54999999999998
0.48,1000,176.8
0.49,1000,175.95000000000002
0.5,1000,175.0
0.51,1000,173.95
0.52,1000,172.79999999999998
0.53,1000,171.54999999999998
0.54,1000,170.2
0.55,1000,168.75
0.56,1000,167.20000000000002
0.5700000000000001,1000,165.54999999999998
0.58,1000,163.79999999999998
0.59,1000,161.95000000000002
0.6,1000,160.0
0.61,1000,157.95000000000002
0.62,1000,155.79999999999998
0.63,1000,153.54999999999998
0.64,1000,151.2
0.65,1000,148.74999999999997
0.66,1000,146.2
0.67,1000,143.54999999999995
0.68,1000,140.79999999999995
0.6900000000000001,1000,137.94999999999996
0.7000000000000001,1000,134.99999999999994
0.71,1000,131.95000000000002
0.72,1000,128.8
0.73,1000,125.55000000000001
0.74,1000,122.19999999999999
0.75,1000,118.75
0.76,1000,115.19999999999999
0.77,1000,111.55000000000001
0.78,1000,107.79999999999995
0.79,1000,103.94999999999993
0.8,1000,99.99999999999994
0.81,1000,95.94999999999993
0.8200000000000001,1000,91.79999999999995
0.8300000000000001,1000,87.54999999999995
0.84,1000,83.20000000000005
0.85,1000,78.75000000000006
0.86,1000,74.20000000000005
0.87,1000,69.55000000000001
0.88,1000,64.80000000000001
0.89,1000,59.94999999999999
0.9,1000,55.0
0.91,1000,49.94999999999999
0.92,1000,44.799999999999955
0.93,1000,39.549999999999955
0.9400000000000001,1000,34.19999999999993
0.9500000000000001,1000,28.749999999999943
0.96,1000,23.19999999999999
0.97,1000,17.55000000000001
0.98,1000,11.800000000000068
0.99,1000,5.949999999999989
